Id,Offset,Name,TipMessage,Comment,NameByCN,NameByEN,NameByVI
1,22500,X轴_未使能,,,X轴_未使能,Xaxis not enabled prompt,Loading Axis 1_Ch?a cho phép ho?t ??ng
2,22501,X轴_指令报错,,,X轴_指令报错,Xaxis command error,Loading Axis 1_L?i l?nh
3,22502,X轴_正极限,,,X轴_正极限,Xaxis_positive limit,Loading Axis 1_Gi?i h?n d??ng
4,22503,X轴_负极限,,,X轴_负极限,Xaxis_negative limit,Loading Axis 1_Gi?i h?n am
5,22504,X轴_JOG安全条件报警,,,X轴_JOG安全条件报警,Xaxis JOG safety condition alarm,Loading Axis 1_C?nh báo ?i?u ki?n an toàn JOG
6,22505,X轴_PTP安全条件报警,,,X轴_PTP安全条件报警,Xaxis PTP safety condition alarm,Loading Axis 1_C?nh báo ?i?u ki?n an toàn PTP
7,22506,X轴_手自动不一致,,,X轴_手自动不一致,Xaxis_hand automatic inconsistency,Loading Axis 1_Kh?ng ??ng b? tay-t? ??ng
8,22507,Y轴_未使能,,,Y轴_未使能,Yaxis not enabled prompt,Loading Axis 2_Ch?a cho phép ho?t ??ng
9,22508,Y轴_指令报错,,,Y轴_指令报错,Yaxis command error,Loading Axis 2_L?i l?nh
10,22509,Y轴_正极限,,,Y轴_正极限,Yaxis positive limit,Loading Axis 2_Gi?i h?n d??ng
11,22510,Y轴_负极限,,,Y轴_负极限,Yaxis  Negative Limit,Loading Axis 2_Gi?i h?n am
12,22511,Y轴_JOG安全条件报警,,,Y轴_JOG安全条件报警,Yaxis JOG safety condition alarm,Loading Axis 2_C?nh báo ?i?u ki?n an toàn JOG
13,22512,Y轴_PTP安全条件报警,,,Y轴_PTP安全条件报警,Yaxis PTP safety condition alarm,Loading Axis 2_C?nh báo ?i?u ki?n an toàn PTP
14,22513,Y轴_手自动不一致,,,Y轴_手自动不一致,Yaxis automatic inconsistency,Loading Axis 2_Kh?ng ??ng b? tay-t? ??ng
15,22514,Z轴_未使能,,,Z轴_未使能,Zaxis not enabled prompt,Tr?c X_Ch?a cho phép ho?t ??ng
16,22515,Z轴_指令报错,,,Z轴_指令报错,Zaxis command error,Tr?c X_L?i l?nh
17,22516,Z轴_正极限,,,Z轴_正极限,Zaxis positive limit,Tr?c X_Gi?i h?n d??ng
18,22517,Z轴_负极限,,,Z轴_负极限,Zaxis_negative limit,Tr?c X_Gi?i h?n am
19,22518,Z轴_JOG安全条件报警,,,Z轴_JOG安全条件报警,Zaxis JOG safety condition alarm,Tr?c X_C?nh báo ?i?u ki?n an toàn JOG
20,22519,Z轴_PTP安全条件报警,,,Z轴_PTP安全条件报警,Zaxis PTP safety condition alarm,Tr?c X_C?nh báo ?i?u ki?n an toàn PTP
21,22520,Z轴_手自动不一致,,,Z轴_手自动不一致,Zaxis automatic inconsistency,Tr?c X_Kh?ng ??ng b? tay-t? ??ng
22,22521,R轴_未使能,,,R轴_未使能,Raxis_not enabled prompt,Tr?c Y_Ch?a cho phép ho?t ??ng
23,22522,R轴_指令报错,,,R轴_指令报错,Raxis_instruction error,Tr?c Y_L?i l?nh
24,22523,R轴_正极限,,,R轴_正极限,Raxis_positive limit,Tr?c Y_Gi?i h?n d??ng
25,22524,R轴_负极限,,,R轴_负极限,Raxis_negative limit,Tr?c Y_Gi?i h?n am
26,22525,R轴_JOG安全条件报警,,,R轴_JOG安全条件报警,Raxis_JOG safety condition alarm,Tr?c Y_C?nh báo ?i?u ki?n an toàn JOG
27,22526,R轴_PTP安全条件报警,,,R轴_PTP安全条件报警,Raxis_PTP safety condition alarm,Tr?c Y_C?nh báo ?i?u ki?n an toàn PTP
28,22527,R轴_手自动不一致,,,R轴_手自动不一致,Raxis_hand automatic inconsistency,Tr?c Y_Kh?ng ??ng b? tay-t? ??ng
29,22528,上料轴1_未使能,,,上料轴1_未使能,Loading axis 1_ not enabled prompt,Tr?c b??c ?i?u ch?nh camera_Ch?a cho phép ho?t ??ng
30,22529,上料轴1_指令报错,,,上料轴1_指令报错,Loading axis 1_instruction error,Tr?c b??c ?i?u ch?nh camera_L?i l?nh
31,22530,上料轴1_正极限,,,上料轴1_正极限,Loading axis 1_positive limit,Tr?c b??c ?i?u ch?nh camera_Gi?i h?n d??ng
32,22531,上料轴1_负极限,,,上料轴1_负极限,Loading axis 1_negative limit,Tr?c b??c ?i?u ch?nh camera_Gi?i h?n am
33,22532,上料轴1_JOG安全条件报警,,,上料轴1_JOG安全条件报警,Loading shaft 1_JOG safety condition alarm,Tr?c b??c ?i?u ch?nh camera_C?nh báo ?i?u ki?n an toàn JOG
34,22533,上料轴1_PTP安全条件报警,,,上料轴1_PTP安全条件报警,Loading axis 1_PTP safety condition alarm,Tr?c b??c ?i?u ch?nh camera_C?nh báo ?i?u ki?n an toàn PTP
35,22534,上料轴1_手自动不一致,,,上料轴1_手自动不一致,The feeding axis 1_manual and automatic are inconsistent,Tr?c b??c ?i?u ch?nh camera_Kh?ng ??ng b? tay-t? ??ng
36,22535,上料轴2_未使能,,,上料轴2_未使能,Loading axis 2h not enabled prompt,Feeding Axis Z1_Ch?a cho phép ho?t ??ng
37,22536,上料轴2_指令报错,,,上料轴2_指令报错,Loading axis 2 instruction error,Feeding Axis Z1_L?i l?nh
38,22537,上料轴2_正极限,,,上料轴2_正极限,Loading axis 2positive limit,Feeding Axis Z1_Gi?i h?n d??ng
39,22538,上料轴2_负极限,,,上料轴2_负极限,Loading axis 2negative limit,Feeding Axis Z1_Gi?i h?n am
40,22539,上料轴2_JOG安全条件报警,,,上料轴2_JOG安全条件报警,Feeding shaft 2JOG safety condition alarm,Feeding Axis Z1_C?nh báo ?i?u ki?n an toàn JOG
41,22540,上料轴2_PTP安全条件报警,,,上料轴2_PTP安全条件报警,Feeding axis 2PTP safety condition alarm,Feeding Axis Z1_C?nh báo ?i?u ki?n an toàn PTP
42,22541,上料轴2_手自动不一致,,,上料轴2_手自动不一致,The feeding axis is not consistent between manual and automatic modes,Feeding Axis Z1_Kh?ng ??ng b? tay-t? ??ng
43,22542,相机调节步进轴_未使能,,,相机调节步进轴_未使能,Camera adjustment step axis not enabled prompt,Feeding Axis R1_Ch?a cho phép ho?t ??ng
44,22543,相机调节步进轴_指令报错,,,相机调节步进轴_指令报错,Camera adjustment step axialcommand error,Feeding Axis R1_L?i l?nh
45,22544,相机调节步进轴_正极限,,,相机调节步进轴_正极限,Camera adjustment step axialpositive limit,Feeding Axis R1_Gi?i h?n d??ng
46,22545,相机调节步进轴_负极限,,,相机调节步进轴_负极限,Camera adjustment step axialnegative limit,Feeding Axis R1_Gi?i h?n am
47,22546,相机调节步进轴_JOG安全条件报警,,,相机调节步进轴_JOG安全条件报警,Camera adjustment stepper shaft_JOG safety condition alarm,Feeding Axis R1_C?nh báo ?i?u ki?n an toàn JOG
48,22547,相机调节步进轴_PTP安全条件报警,,,相机调节步进轴_PTP安全条件报警,Camera adjustment step axis PTP safety condition alarm,Feeding Axis R1_C?nh báo ?i?u ki?n an toàn PTP
49,22548,相机调节步进轴_手自动不一致,,,相机调节步进轴_手自动不一致,Camera adjustment step axis inconsistent between manual and automatic modes,Feeding Axis R1_Kh?ng ??ng b? tay-t? ??ng
50,22549,轴1_定位气缸1原位报警,,,轴1_定位气缸1原位报警,Axis 1_Positioning Cylinder 1In situ Alarm,Feeding Axis Z2_Ch?a cho phép ho?t ??ng
51,22550,轴1_定位气缸1工作位报警,,,轴1_定位气缸1工作位报警,Axis 1_Positioning Cylinder 1Working Position Alarm,Feeding Axis Z2_L?i l?nh
52,22551,轴1_定位气缸1原点安全条件触发异常,,,轴1_定位气缸1原点安全条件触发异常,Axis 1_Positioning Cylinder 1Origin Safety Condition Triggered Abnormal,Feeding Axis Z2_Gi?i h?n d??ng
53,22552,轴1_定位气缸1工作位安全条件触发异常,,,轴1_定位气缸1工作位安全条件触发异常,Axis 1_Positioning Cylinder 1Working Position Safety Condition Triggered Abnormal,Feeding Axis Z2_Gi?i h?n am
54,22553,轴1_定位气缸1手自动联锁中,,,轴1_定位气缸1手自动联锁中,Axis 1_Positioning Cylinder 1Manual Automatic Interlocking,Feeding Axis Z2_C?nh báo ?i?u ki?n an toàn JOG
55,22554,轴1_定位气缸2原位报警,,,轴1_定位气缸2原位报警,Axis 1_Positioning Cylinder 2In situ Alarm,Feeding Axis Z2_C?nh báo ?i?u ki?n an toàn PTP
56,22555,轴1_定位气缸2工作位报警,,,轴1_定位气缸2工作位报警,Axis 1_Positioning Cylinder 2Working Position Alarm,Feeding Axis Z2_Kh?ng ??ng b? tay-t? ??ng
57,22556,轴1_定位气缸2原点安全条件触发异常,,,轴1_定位气缸2原点安全条件触发异常,Axis 1_Positioning Cylinder 2Origin Safety Condition Trigger Exception,Feeding Axis R2_Ch?a cho phép ho?t ??ng
58,22557,轴1_定位气缸2工作位安全条件触发异常,,,轴1_定位气缸2工作位安全条件触发异常,Axis 1_Positioning Cylinder 2Abnormal Safety Condition Triggered in Working Position,Feeding Axis R2_L?i l?nh
59,22558,轴1_定位气缸2手自动联锁中,,,轴1_定位气缸2手自动联锁中,Axis 1_Positioning Cylinder 2Manual Automatic Interlocking,Feeding Axis R2_Gi?i h?n d??ng
60,22559,轴1_定位气缸3原位报警,,,轴1_定位气缸3原位报警,Axis 1_Positioning Cylinder 3In situ Alarm,Feeding Axis R2_Gi?i h?n am
61,22560,轴1_定位气缸3工作位报警,,,轴1_定位气缸3工作位报警,Axis 1_Positioning Cylinder 3Working Position Alarm,Feeding Axis R2_C?nh báo ?i?u ki?n an toàn JOG
62,22561,轴1_定位气缸3原点安全条件触发异常,,,轴1_定位气缸3原点安全条件触发异常,Axis 1_Positioning Cylinder 3Origin Safety Condition Trigger Exception,Feeding Axis R2_C?nh báo ?i?u ki?n an toàn PTP
63,22562,轴1_定位气缸3工作位安全条件触发异常,,,轴1_定位气缸3工作位安全条件触发异常,Axis 1_Positioning Cylinder 3Working Position Safety Condition Triggered Abnormal,Feeding Axis R2_Kh?ng ??ng b? tay-t? ??ng
64,22563,轴1_定位气缸3手自动联锁中,,,轴1_定位气缸3手自动联锁中,Axis 1_Positioning Cylinder 3Hand Automatic Interlocking,Feeding Axis Z3_Ch?a cho phép ho?t ??ng
65,22564,轴2_定位气缸1原位报警,,,轴2_定位气缸1原位报警,Axis 2Positioning Cylinder 1In situ Alarm,Feeding Axis Z3_L?i l?nh
66,22565,轴2_定位气缸1工作位报警,,,轴2_定位气缸1工作位报警,Axis 2Positioning Cylinder 1Working Position Alarm,Feeding Axis Z3_Gi?i h?n d??ng
67,22566,轴2_定位气缸1原点安全条件触发异常,,,轴2_定位气缸1原点安全条件触发异常,Axis 2Positioning Cylinder 1Origin Safety Condition Triggered Abnormal,Feeding Axis Z3_Gi?i h?n am
68,22567,轴2_定位气缸1工作位安全条件触发异常,,,轴2_定位气缸1工作位安全条件触发异常,Axis 2Positioning Cylinder 1Working Position Safety Condition Triggered Abnormal,Feeding Axis Z3_C?nh báo ?i?u ki?n an toàn JOG
69,22568,轴2_定位气缸1手自动联锁中,,,轴2_定位气缸1手自动联锁中,Axis 2Positioning Cylinder 1Hand Automatic Interlocking,Feeding Axis Z3_C?nh báo ?i?u ki?n an toàn PTP
70,22569,轴2_定位气缸2原位报警,,,轴2_定位气缸2原位报警,Axis 2Positioning Cylinder 2In situ Alarm,Feeding Axis Z3_Kh?ng ??ng b? tay-t? ??ng
71,22570,轴2_定位气缸2工作位报警,,,轴2_定位气缸2工作位报警,Axis 2Positioning Cylinder 2Working Position Alarm,Feeding Axis R3_Ch?a cho phép ho?t ??ng
72,22571,轴2_定位气缸2原点安全条件触发异常,,,轴2_定位气缸2原点安全条件触发异常,Axis 2Positioning Cylinder 2Origin Safety Condition Trigger Exception,Feeding Axis R3_L?i l?nh
73,22572,轴2_定位气缸2工作位安全条件触发异常,,,轴2_定位气缸2工作位安全条件触发异常,Axis 2Positioning Cylinder 2Working Position Safety Condition Triggered Abnormal,Feeding Axis R3_Gi?i h?n d??ng
74,22573,轴2_定位气缸2手自动联锁中,,,轴2_定位气缸2手自动联锁中,Axis 2Positioning Cylinder 2Manual Automatic Interlocking,Feeding Axis R3_Gi?i h?n am
75,22574,轴2_定位气缸3原位报警,,,轴2_定位气缸3原位报警,Axis 2Positioning Cylinder 3In situ Alarm,Feeding Axis R3_C?nh báo ?i?u ki?n an toàn JOG
76,22575,轴2_定位气缸3工作位报警,,,轴2_定位气缸3工作位报警,Axis 2Positioning Cylinder 3Working Position Alarm,Feeding Axis R3_C?nh báo ?i?u ki?n an toàn PTP
77,22576,轴2_定位气缸3原点安全条件触发异常,,,轴2_定位气缸3原点安全条件触发异常,Axis 2Positioning Cylinder 3Origin Safety Condition Trigger Exception,Feeding Axis R3_Kh?ng ??ng b? tay-t? ??ng
78,22577,轴2_定位气缸3工作位安全条件触发异常,,,轴2_定位气缸3工作位安全条件触发异常,Axis 2Positioning Cylinder 3Working Position Safety Condition Triggered Abnormal,Feeding Axis Z4_Ch?a cho phép ho?t ??ng
79,22578,轴2_定位气缸3手自动联锁中,,,轴2_定位气缸3手自动联锁中,Axis 2Positioning Cylinder 3Hand Automatic Interlocking,Feeding Axis Z4_L?i l?nh
80,22579,取标签伸出气缸原位报警,,,取标签伸出气缸原位报警,Label extension cylinder  insitu alarm,Feeding Axis Z4_Gi?i h?n d??ng
81,22580,取标签伸出气缸工作位报警,,,取标签伸出气缸工作位报警,Label extension cylinder  working position alarm,Feeding Axis Z4_Gi?i h?n am
82,22581,取标签伸出气缸原点安全条件触发异常,,,取标签伸出气缸原点安全条件触发异常,Tag extension cylinder  Origin safety condition triggered exception,Feeding Axis Z4_C?nh báo ?i?u ki?n an toàn JOG
83,22582,取标签伸出气缸工作位安全条件触发异常,,,取标签伸出气缸工作位安全条件触发异常,Tag extension cylinder  Work position safety condition triggers abnormality,Feeding Axis Z4_C?nh báo ?i?u ki?n an toàn PTP
84,22583,取标签伸出气缸手自动联锁中,,,取标签伸出气缸手自动联锁中,Label extension cylinder  manual automatic interlock,Feeding Axis Z4_Kh?ng ??ng b? tay-t? ??ng
85,22584,取标签升降气缸原位报警,,,取标签升降气缸原位报警,Label lifting cylinder  insitu alarm,Feeding Axis R4_Ch?a cho phép ho?t ??ng
86,22585,取标签升降气缸工作位报警,,,取标签升降气缸工作位报警,Label lifting cylinder  working position alarm,Feeding Axis R4_L?i l?nh
87,22586,取标签升降气缸原点安全条件触发异常,,,取标签升降气缸原点安全条件触发异常,Tag lifting cylinder  Origin safety condition triggered exception,Feeding Axis R4_Gi?i h?n d??ng
88,22587,取标签升降气缸工作位安全条件触发异常,,,取标签升降气缸工作位安全条件触发异常,Tag lifting cylinder  Work position safety condition triggered exception,Feeding Axis R4_Gi?i h?n am
89,22588,取标签升降气缸手自动联锁中,,,取标签升降气缸手自动联锁中,Label lifting cylinder  manual automatic interlock,Feeding Axis R4_C?nh báo ?i?u ki?n an toàn JOG
90,22589,贴膜定位气缸原位报警,,,贴膜定位气缸原位报警,Film positioning cylinder  insitu alarm,Feeding Axis R4_C?nh báo ?i?u ki?n an toàn PTP
91,22590,贴膜定位气缸工作位报警,,,贴膜定位气缸工作位报警,Film positioning cylinder  working position alarm,Feeding Axis R4_Kh?ng ??ng b? tay-t? ??ng
92,22591,贴膜定位气缸原点安全条件触发异常,,,贴膜定位气缸原点安全条件触发异常,Film positioning cylinder  origin safety condition triggers abnormality,Feeding Axis Z5_Ch?a cho phép ho?t ??ng
93,22592,贴膜定位气缸工作位安全条件触发异常,,,贴膜定位气缸工作位安全条件触发异常,Film positioning cylinder  abnormal triggering of safety conditions at the working position,Feeding Axis Z5_L?i l?nh
94,22593,贴膜定位气缸手自动联锁中,,,贴膜定位气缸手自动联锁中,Film positioning cylinder  manual automatic interlocking,Feeding Axis Z5_Gi?i h?n d??ng
95,22594,辊压膜气缸原位报警,,,辊压膜气缸原位报警,Roll pressure film cylinder  insitu alarm,Feeding Axis Z5_Gi?i h?n am
96,22595,辊压膜气缸工作位报警,,,辊压膜气缸工作位报警,Roll pressure film cylinder  working position alarm,Feeding Axis Z5_C?nh báo ?i?u ki?n an toàn JOG
97,22596,辊压膜气缸原点安全条件触发异常,,,辊压膜气缸原点安全条件触发异常,Roller pressure film cylinder  origin safety condition triggered abnormal,Feeding Axis Z5_C?nh báo ?i?u ki?n an toàn PTP
98,22597,辊压膜气缸工作位安全条件触发异常,,,辊压膜气缸工作位安全条件触发异常,Roller pressure film cylinder  abnormal triggering of working position safety conditions,Feeding Axis Z5_Kh?ng ??ng b? tay-t? ??ng
99,22598,辊压膜气缸手自动联锁中,,,辊压膜气缸手自动联锁中,Roller pressing film cylinder  manual automatic interlocking,Feeding Axis R5_Ch?a cho phép ho?t ??ng
100,22599,打印机固定气缸原位报警,,,打印机固定气缸原位报警,Printer fixed cylinder  insitu alarm,Feeding Axis R5_L?i l?nh
101,22600,打印机固定气缸工作位报警,,,打印机固定气缸工作位报警,Printer fixed cylinder  working position alarm,Feeding Axis R5_Gi?i h?n d??ng
102,22601,打印机固定气缸原点安全条件触发异常,,,打印机固定气缸原点安全条件触发异常,Printer fixed cylinder  origin safety condition triggered exception,Feeding Axis R5_Gi?i h?n am
103,22602,打印机固定气缸工作位安全条件触发异常,,,打印机固定气缸工作位安全条件触发异常,Printer fixed cylinder  Work position safety condition triggered exception,Feeding Axis R5_C?nh báo ?i?u ki?n an toàn JOG
104,22603,打印机固定气缸手自动联锁中,,,打印机固定气缸手自动联锁中,Printer fixed cylinder  manual automatic interlock,Feeding Axis R5_C?nh báo ?i?u ki?n an toàn PTP
105,22604,物料检测1_真空负压报警,,,物料检测1_真空负压报警,Material detection 1_Vacuum negative pressure alarm,Feeding Axis R5_Kh?ng ??ng b? tay-t? ??ng
106,22605,物料检测1_真空禁止破真空报警,,,物料检测1_真空禁止破真空报警,Material detection 1_Vacuum  No vacuum breaking alarm prompt,Feeding Axis Z6_Ch?a cho phép ho?t ??ng
107,22606,物料检测1_真空手自动联锁中,,,物料检测1_真空手自动联锁中,Material Testing 1_Vacuum Manual Automatic Interlocking,Feeding Axis Z6_L?i l?nh
108,22607,物料检测2_真空负压报警,,,物料检测2_真空负压报警,Material detection 2Vacuum negative pressure alarm,Feeding Axis Z6_Gi?i h?n d??ng
109,22608,物料检测2_真空禁止破真空报警,,,物料检测2_真空禁止破真空报警,Material detection 2Vacuum  No vacuum breaking alarm prompt,Feeding Axis Z6_Gi?i h?n am
110,22609,物料检测2_真空手自动联锁中,,,物料检测2_真空手自动联锁中,Material Testing 2Vacuum Hand Automatic Interlocking,Feeding Axis Z6_C?nh báo ?i?u ki?n an toàn JOG
111,22610,取料头_真空负压报警,,,取料头_真空负压报警,Material pickup head_ vacuum negative pressure alarm,Feeding Axis Z6_C?nh báo ?i?u ki?n an toàn PTP
112,22611,取料头_真空禁止破真空报警,,,取料头_真空禁止破真空报警,Material pickup head  Vacuum  No breaking vacuum alarm prompt,Feeding Axis Z6_Kh?ng ??ng b? tay-t? ??ng
113,22612,取料头_真空手自动联锁中,,,取料头_真空手自动联锁中,Material pickup head in vacuum manual automatic interlocking system,Feeding Axis R6_Ch?a cho phép ho?t ??ng
114,22613,接料台_真空负压报警,,,接料台_真空负压报警,Material receiving table _ Vacuum negative pressure alarm,Feeding Axis R6_L?i l?nh
115,22614,接料台_真空禁止破真空报警,,,接料台_真空禁止破真空报警,Material receiving table  Vacuum  No breaking vacuum alarm prompt,Feeding Axis R6_Gi?i h?n d??ng
116,22615,接料台_真空手自动联锁中,,,接料台_真空手自动联锁中,Material receiving table in vacuum manual automatic interlocking system,Feeding Axis R6_Gi?i h?n am
117,22616,急停按钮按下,,,急停按钮按下,Press the emergency stop button,Feeding Axis R6_C?nh báo ?i?u ki?n an toàn JOG
118,22617,打印机防撞报警,,,打印机防撞报警,Printer collision alarm,Feeding Axis R6_C?nh báo ?i?u ki?n an toàn PTP
119,22618,流线与放料工位防撞报警,,,流线与放料工位防撞报警,Flow line and discharge station collision alarm,Feeding Axis R6_Kh?ng ??ng b? tay-t? ??ng
120,22619,SM_1扫码失败报警,,,SM_1扫码失败报警,SM_1 scan code failure alarm,Feeding Axis Z7_Ch?a cho phép ho?t ??ng
121,22620,SM_2扫码失败报警,,,SM_2扫码失败报警,SM_2 scan code failure alarm,Feeding Axis Z7_L?i l?nh
122,22621,上料站1物料检测异常,,,上料站1物料检测异常,Abnormal material detection at loading station 1,Feeding Axis Z7_Gi?i h?n d??ng
123,22622,上料站2物料检测异常,,,上料站2物料检测异常,Abnormal material detection at loading station 2,Feeding Axis Z7_Gi?i h?n am
124,22623,与伸出气缸防撞,,,与伸出气缸防撞,Extend the cylinder to prevent collision,Feeding Axis Z7_C?nh báo ?i?u ki?n an toàn JOG
125,22624,总气源不足,,,总气源不足,Insufficient total gas source,Feeding Axis Z7_C?nh báo ?i?u ki?n an toàn PTP
126,22625,门禁开启中,,,门禁开启中,Access control is open,Feeding Axis Z7_Kh?ng ??ng b? tay-t? ??ng
127,22626,上位机连接失败,,,上位机连接失败,Failed to connect to the PC,Feeding Axis R7_Ch?a cho phép ho?t ??ng
128,22627,Y轴到打印机防撞位,,,Y轴到打印机防撞位,Yaxis to printer collision avoidance position,Feeding Axis R7_L?i l?nh
129,22628,工位1标签抛料失败,,,工位1标签抛料失败,Workstation 1 label throwing failed,Feeding Axis R7_Gi?i h?n d??ng
130,22629,工位1膜抛料失败,,,工位1膜抛料失败,Workstation 1 film throwing failed,Feeding Axis R7_Gi?i h?n am
131,22630,工位2标签抛料失败,,,工位2标签抛料失败,Workstation 2 label throwing failed,Feeding Axis R7_C?nh báo ?i?u ki?n an toàn JOG
132,22631,工位2膜抛料失败,,,工位2膜抛料失败,Workstation 2 film throwing failed,Feeding Axis R7_C?nh báo ?i?u ki?n an toàn PTP
133,22632,工位1下视觉拍标签1NG异常,,,工位1下视觉拍标签1NG异常,Workstation 1 Visual label 1 NG abnormality,Feeding Axis R7_Kh?ng ??ng b? tay-t? ??ng
134,22633,工位1上视觉拍飞达NG异常,,,工位1上视觉拍飞达NG异常,Workstation 1 Upper visual camera Feida NG abnormal,Tr?c 1_Xylanh ??nh v? 1-C?nh báo v? trí g?c
135,22634,工位1上视觉拍产品1NG异常,,,工位1上视觉拍产品1NG异常,Workstation 1 Upper visual camera product 1NG abnormality,Tr?c 1_Xylanh ??nh v? 1-C?nh báo v? trí làm vi?c
136,22635,工位1下视觉拍膜NG异常,,,工位1下视觉拍膜NG异常,Workstation 1 Abnormal visual film shooting NG,Tr?c 1_Xylanh ??nh v? 1-B?t th??ng kích ho?t ?i?u ki?n an toàn g?c
137,22636,工位1上视觉拍产品NG异常,,,工位1上视觉拍产品NG异常,Workstation 1 Abnormal NG of the product captured by the upper visual camera,Tr?c 1_Xylanh ??nh v? 1-B?t th??ng kích ho?t ?i?u ki?n an toàn v? trí làm vi?c
138,22637,工位2下视觉拍标签NG异常,,,工位2下视觉拍标签NG异常,Workstation 2 Visual label shooting  NG abnormality,Tr?c 1_Xylanh ??nh v? 1_?ang khóa liên ??ng tay-t? ??ng
139,22638,工位2上视觉拍飞达NG异常,,,工位2上视觉拍飞达NG异常,Workstation 2 Upper visual camera Feida NG abnormal,Tr?c 1_Xylanh ??nh v? 2-C?nh báo v? trí g?c
140,22639,工位2上视觉拍产品1NG异常,,,工位2上视觉拍产品1NG异常,Workstation 2 Upper Visual Photography Product 1NG Abnormal,Tr?c 1_Xylanh ??nh v? 2-C?nh báo v? trí làm vi?c
141,22640,工位2下视觉拍膜NG异常,,,工位2下视觉拍膜NG异常,Workstation 2 Abnormal visual film shooting NG,Tr?c 1_Xylanh ??nh v? 2-B?t th??ng kích ho?t ?i?u ki?n an toàn g?c
142,22641,工位2上视觉拍产品2NG异常,,,工位2上视觉拍产品2NG异常,Workstation 22NG abnormality in visual product shooting,Tr?c 1_Xylanh ??nh v? 2-B?t th??ng kích ho?t ?i?u ki?n an toàn v? trí làm vi?c
143,22642,工位1_标签首次复检NG,,,工位1_标签首次复检NG,Workstation 1_label first re inspection NG,Tr?c 1_Xylanh ??nh v? 2_?ang khóa liên ??ng tay-t? ??ng
144,22643,工位1_标签二次复检NG,,,工位1_标签二次复检NG,Workstation 1_label secondary re inspection NG,Tr?c 1_Xylanh ??nh v? 3-C?nh báo v? trí g?c
145,22644,工位2_标签首次复检NG,,,工位2_标签首次复检NG,The first re inspection of the label at workstation 2 is NG,Tr?c 1_Xylanh ??nh v? 3-C?nh báo v? trí làm vi?c
146,22645,工位2_标签二次复检NG,,,工位2_标签二次复检NG,Workstation 2: Secondary re inspection of label NG,Tr?c 1_Xylanh ??nh v? 3-B?t th??ng kích ho?t ?i?u ki?n an toàn g?c
147,22646,工位1_上视觉拍标签引导NG报警,,,工位1_上视觉拍标签引导NG报警,Workstation 1_ visual label guidance NG alarm,Tr?c 1_Xylanh ??nh v? 3-B?t th??ng kích ho?t ?i?u ki?n an toàn v? trí làm vi?c
148,22647,工位2_上视觉拍标签引导NG报警,,,工位2_上视觉拍标签引导NG报警,Workstation 2_ visual label guidance NG alarm,Tr?c 1_Xylanh ??nh v? 3_?ang khóa liên ??ng tay-t? ??ng
149,22648,上料1复检NG,,,上料1复检NG,Station 1 checks NG,Tr?c 2_Xylanh ??nh v? 1-C?nh báo v? trí g?c
150,22649,待定1,,,待定1,Station 1 checks NG,Tr?c 2_Xylanh ??nh v? 1-C?nh báo v? trí làm vi?c
151,22650,上料2复检NG,,,上料2复检NG,Station 2 checks NG,Tr?c 2_Xylanh ??nh v? 1-B?t th??ng kích ho?t ?i?u ki?n an toàn g?c
152,22651,待定2,,,待定2,Station 2 checks NG,Tr?c 2_Xylanh ??nh v? 1-B?t th??ng kích ho?t ?i?u ki?n an toàn v? trí làm vi?c
153,22652,工位1上视觉拍标签引导反馈超时,,,工位1上视觉拍标签引导反馈超时,Vision tag guidance feedback timeout on workstation 1,Tr?c 2_Xylanh ??nh v? 1_?ang khóa liên ??ng tay-t? ??ng
154,22653,工位1下视觉拍标签反馈超时,,,工位1下视觉拍标签反馈超时,Vision feedback for labeling at workstation 1 timed out,Tr?c 2_Xylanh ??nh v? 2-C?nh báo v? trí g?c
155,22654,工位1上视觉拍产品引导标签反馈超时,,,工位1上视觉拍产品引导标签反馈超时,Vision system on workstation 1 timed out while feeding back the product guide label,Tr?c 2_Xylanh ??nh v? 2-C?nh báo v? trí làm vi?c
156,22655,工位1上视觉标签复检1反馈超时,,,工位1上视觉标签复检1反馈超时,Vision label reinspection 1 feedback timeout on workstation 1,Tr?c 2_Xylanh ??nh v? 2-B?t th??ng kích ho?t ?i?u ki?n an toàn g?c
157,22656,工位1上视觉标签复检2反馈超时,,,工位1上视觉标签复检2反馈超时,Vision label reinspection 2 feedback timeout on workstation 1,Tr?c 2_Xylanh ??nh v? 2-B?t th??ng kích ho?t ?i?u ki?n an toàn v? trí làm vi?c
158,22657,工位1上视觉拍飞达膜引导取模反馈超时,,,工位1上视觉拍飞达膜引导取模反馈超时,Visual capture on workstation 1 for feeder film guidance to pick the mold timed out,Tr?c 2_Xylanh ??nh v? 2_?ang khóa liên ??ng tay-t? ??ng
159,22658,工位1下视觉拍膜反馈超时,,,工位1下视觉拍膜反馈超时,Vision coating feedback timeout at workstation 1,Tr?c 2_Xylanh ??nh v? 3-C?nh báo v? trí g?c
160,22659,工位1上视觉拍产品引导贴膜反馈超时,,,工位1上视觉拍产品引导贴膜反馈超时,Visual inspection on workstation 1 for product guidance film feedback timed out,Tr?c 2_Xylanh ??nh v? 3-C?nh báo v? trí làm vi?c
161,22660,工位1上视觉复检成品反馈超时1,,,工位1上视觉复检成品反馈超时1,Vision reinspection finished product feedback timeout on workstation 1,Tr?c 2_Xylanh ??nh v? 3-B?t th??ng kích ho?t ?i?u ki?n an toàn g?c
162,22661,工位1上视觉复检成品反馈超时2,,,工位1上视觉复检成品反馈超时2,Vision reinspection finished product feedback on workstation 1 timed out by 2,Tr?c 2_Xylanh ??nh v? 3-B?t th??ng kích ho?t ?i?u ki?n an toàn v? trí làm vi?c
163,22662,工位2上视觉拍标签引导反馈超时,,,工位2上视觉拍标签引导反馈超时,Vision label guidance feedback timeout on workstation 2,Tr?c 2_Xylanh ??nh v? 3_?ang khóa liên ??ng tay-t? ??ng
164,22663,工位2下视觉拍标签反馈超时,,,工位2下视觉拍标签反馈超时,Vision system at workstation 2 times out when capturing label feedback,M?t khu?n sau xe t?i 1_Chan kh?ng - C?nh báo áp su?t am
165,22664,工位2上视觉拍产品引导标签反馈超时,,,工位2上视觉拍产品引导标签反馈超时,Vision system on workstation 2 timed out while feeding back the product guide label,"M?t khu?n sau xe t?i 1_Chan kh?ng - C?nh báo c?m phá chan kh?ng, th?ng báo"
166,22665,工位2上视觉标签复检1反馈超时,,,工位2上视觉标签复检1反馈超时,Visual tag reinspection 1 on workstation 2 feedback timeout,M?t khu?n sau xe t?i 1_Chan kh?ng - ?ang khóa liên ??ng tay-t? ??ng
167,22666,工位2上视觉标签复检2反馈超时,,,工位2上视觉标签复检2反馈超时,Visual label reinspection 2 feedback timeout on workstation 2,M?t khu?n tr??c xe t?i 1_Chan kh?ng - C?nh báo áp su?t am
168,22667,工位2上视觉拍飞达膜引导取模反馈超时,,,工位2上视觉拍飞达膜引导取模反馈超时,Timeout feedback for visionguided mold taking at station 2,"M?t khu?n tr??c xe t?i 1_Chan kh?ng - C?nh báo c?m phá chan kh?ng, th?ng báo"
169,22668,工位2下视觉拍膜反馈超时,,,工位2下视觉拍膜反馈超时,Visual film taking feedback timed out at workstation 2,M?t khu?n tr??c xe t?i 1_Chan kh?ng - ?ang khóa liên ??ng tay-t? ??ng
170,22669,工位2上视觉拍产品引导贴膜反馈超时,,,工位2上视觉拍产品引导贴膜反馈超时,Workstation 2: Visual inspection of product application guides timed out.,M?t khu?n tr??c xe t?i 2_Chan kh?ng - C?nh báo áp su?t am
171,22670,工位2上视觉复检成品反馈超时1,,,工位2上视觉复检成品反馈超时1,Workstation 2 visual inspection of finished product feedback timeout 1,"M?t khu?n tr??c xe t?i 2_Chan kh?ng - C?nh báo c?m phá chan kh?ng, th?ng báo"
172,22671,工位2上视觉复检成品反馈超时2,,,工位2上视觉复检成品反馈超时2,Workstation 2 visual inspection of finished product feedback timeout 2,M?t khu?n tr??c xe t?i 2_Chan kh?ng - ?ang khóa liên ??ng tay-t? ??ng
