Category,Name,Offset,NameByCN,NameByEN,NameByVI
PLC/X轴_Pos,X轴_Pos_1,24000,,,
PLC/X轴_Pos,X轴_Pos_2,24002,,,
PLC/X轴_Pos,X轴_Pos_3,24004,,,
PLC/X轴_Pos,X轴_Pos_4,24006,,,
PLC/X轴_Pos,X轴_Pos_5,24008,,,
PLC/X轴_Pos,X轴_Pos_6,24010,,,
PLC/X轴_Pos,X轴_Pos_7,24012,,,
PLC/X轴_Pos,X轴_Pos_8,24014,,,
PLC/X轴_Pos,X轴_Pos_9,24016,,,
PLC/X轴_Pos,X轴_Pos_10,24018,,,
PLC/X轴_Pos,X轴_Pos_11,24020,,,
PLC/X轴_Pos,X轴_Pos_12,24022,,,
PLC/X轴_Pos,X轴_Pos_13,24024,,,
PLC/X轴_Pos,X轴_Pos_14,24026,,,
PLC/X轴_Pos,X轴_Pos_15,24028,,,
PLC/X轴_Pos,X轴_Pos_16,24030,,,
PLC/X轴_Pos,X轴_Pos_17,24032,,,
PLC/X轴_Pos,X轴_Pos_18,24034,,,
PLC/X轴_Pos,X轴_Pos_19,24036,,,
PLC/X轴_Pos,X轴_Pos_20,24038,,,
PLC/X轴_Pos,X轴_Pos_21,24040,,,
PLC/X轴_Pos,X轴_Pos_22,24042,,,
PLC/X轴_Pos,X轴_Pos_23,24044,,,
PLC/X轴_Pos,X轴_Pos_24,24046,,,
PLC/X轴_Pos,X轴_Pos_25,24048,,,
PLC/X轴_Pos,X轴_Pos_26,24050,,,
PLC/X轴_Pos,X轴_Pos_27,24052,,,
PLC/X轴_Pos,X轴_Pos_28,24054,,,
PLC/X轴_Pos,X轴_Pos_29,24056,,,
PLC/X轴_Pos,X轴_Pos_30,24058,,,
PLC/X轴_Pos,X轴_Pos_31,24060,,,
PLC/X轴_Pos,X轴_Pos_32,24062,,,
PLC/X轴_Pos,X轴_Pos_33,24064,,,
PLC/X轴_Pos,X轴_Pos_34,24066,,,
PLC/X轴_Pos,X轴_Pos_35,24068,,,
PLC/X轴_Pos,X轴_Pos_36,24070,,,
PLC/X轴_Pos,X轴_Pos_37,24072,,,
PLC/X轴_Pos,X轴_Pos_38,24074,,,
PLC/X轴_Pos,X轴_Pos_39,24076,,,
PLC/X轴_Pos,X轴_Pos_40,24078,,,
PLC/X轴_Pos,X轴_Pos_41,24080,,,
PLC/X轴_Pos,X轴_Pos_42,24082,,,
PLC/X轴_Pos,X轴_Pos_43,24084,,,
PLC/X轴_Pos,X轴_Pos_44,24086,,,
PLC/X轴_Pos,X轴_Pos_45,24088,,,
PLC/X轴_Pos,X轴_Pos_46,24090,,,
PLC/X轴_Pos,X轴_Pos_47,24092,,,
PLC/X轴_Pos,X轴_Pos_48,24094,,,
PLC/X轴_Pos,X轴_Pos_49,24096,,,
PLC/X轴_Pos,X轴_Pos_50,24098,,,
PLC/X轴_Pos,X轴_Pos_51,24100,,,
PLC/X轴_Pos,X轴_Pos_52,24102,,,
PLC/X轴_Pos,X轴_Pos_53,24104,,,
PLC/X轴_Pos,X轴_Pos_54,24106,,,
PLC/X轴_Pos,X轴_Pos_55,24108,,,
PLC/X轴_Pos,X轴_Pos_56,24110,,,
PLC/X轴_Pos,X轴_Pos_57,24112,,,
PLC/X轴_Pos,X轴_Pos_58,24114,,,
PLC/X轴_Pos,X轴_Pos_59,24116,,,
PLC/X轴_Pos,X轴_Pos_60,24118,,,

PLC/X轴_Vel,X轴_Vel_1,24120,,,
PLC/X轴_Vel,X轴_Vel_2,24122,,,
PLC/X轴_Vel,X轴_Vel_3,24124,,,
PLC/X轴_Vel,X轴_Vel_4,24126,,,
PLC/X轴_Vel,X轴_Vel_5,24128,,,
PLC/X轴_Vel,X轴_Vel_6,24130,,,
PLC/X轴_Vel,X轴_Vel_7,24132,,,
PLC/X轴_Vel,X轴_Vel_8,24134,,,
PLC/X轴_Vel,X轴_Vel_9,24136,,,
PLC/X轴_Vel,X轴_Vel_10,24138,,,
PLC/X轴_Vel,X轴_Vel_11,24140,,,
PLC/X轴_Vel,X轴_Vel_12,24142,,,
PLC/X轴_Vel,X轴_Vel_13,24144,,,
PLC/X轴_Vel,X轴_Vel_14,24146,,,
PLC/X轴_Vel,X轴_Vel_15,24148,,,
PLC/X轴_Vel,X轴_Vel_16,24150,,,
PLC/X轴_Vel,X轴_Vel_17,24152,,,
PLC/X轴_Vel,X轴_Vel_18,24154,,,
PLC/X轴_Vel,X轴_Vel_19,24156,,,
PLC/X轴_Vel,X轴_Vel_20,24158,,,
PLC/X轴_Vel,X轴_Vel_21,24160,,,
PLC/X轴_Vel,X轴_Vel_22,24162,,,
PLC/X轴_Vel,X轴_Vel_23,24164,,,
PLC/X轴_Vel,X轴_Vel_24,24166,,,
PLC/X轴_Vel,X轴_Vel_25,24168,,,
PLC/X轴_Vel,X轴_Vel_26,24170,,,
PLC/X轴_Vel,X轴_Vel_27,24172,,,
PLC/X轴_Vel,X轴_Vel_28,24174,,,
PLC/X轴_Vel,X轴_Vel_29,24176,,,
PLC/X轴_Vel,X轴_Vel_30,24178,,,
PLC/X轴_Vel,X轴_Vel_31,24180,,,
PLC/X轴_Vel,X轴_Vel_32,24182,,,
PLC/X轴_Vel,X轴_Vel_33,24184,,,
PLC/X轴_Vel,X轴_Vel_34,24186,,,
PLC/X轴_Vel,X轴_Vel_35,24188,,,
PLC/X轴_Vel,X轴_Vel_36,24190,,,
PLC/X轴_Vel,X轴_Vel_37,24192,,,
PLC/X轴_Vel,X轴_Vel_38,24194,,,
PLC/X轴_Vel,X轴_Vel_39,24196,,,
PLC/X轴_Vel,X轴_Vel_40,24198,,,
PLC/X轴_Vel,X轴_Vel_41,24200,,,
PLC/X轴_Vel,X轴_Vel_42,24202,,,
PLC/X轴_Vel,X轴_Vel_43,24204,,,
PLC/X轴_Vel,X轴_Vel_44,24206,,,
PLC/X轴_Vel,X轴_Vel_45,24208,,,
PLC/X轴_Vel,X轴_Vel_46,24210,,,
PLC/X轴_Vel,X轴_Vel_47,24212,,,
PLC/X轴_Vel,X轴_Vel_48,24214,,,
PLC/X轴_Vel,X轴_Vel_49,24216,,,
PLC/X轴_Vel,X轴_Vel_50,24218,,,
PLC/X轴_Vel,X轴_Vel_51,24220,,,
PLC/X轴_Vel,X轴_Vel_52,24222,,,
PLC/X轴_Vel,X轴_Vel_53,24224,,,
PLC/X轴_Vel,X轴_Vel_54,24226,,,
PLC/X轴_Vel,X轴_Vel_55,24228,,,
PLC/X轴_Vel,X轴_Vel_56,24230,,,
PLC/X轴_Vel,X轴_Vel_57,24232,,,
PLC/X轴_Vel,X轴_Vel_58,24234,,,
PLC/X轴_Vel,X轴_Vel_59,24236,,,

PLC/Y轴_Pos,Y轴_Pos_1,24240,,,
PLC/Y轴_Pos,Y轴_Pos_2,24241,,,
PLC/Y轴_Pos,Y轴_Pos_3,24242,,,
PLC/Y轴_Pos,Y轴_Pos_4,24243,,,
PLC/Y轴_Pos,Y轴_Pos_5,24244,,,
PLC/Y轴_Pos,Y轴_Pos_6,24245,,,
PLC/Y轴_Pos,Y轴_Pos_7,24246,,,
PLC/Y轴_Pos,Y轴_Pos_8,24247,,,
PLC/Y轴_Pos,Y轴_Pos_9,24248,,,
PLC/Y轴_Pos,Y轴_Pos_10,24249,,,
PLC/Y轴_Pos,Y轴_Pos_11,24250,,,
PLC/Y轴_Pos,Y轴_Pos_12,24251,,,
PLC/Y轴_Pos,Y轴_Pos_13,24252,,,
PLC/Y轴_Pos,Y轴_Pos_14,24253,,,
PLC/Y轴_Pos,Y轴_Pos_15,24254,,,
PLC/Y轴_Pos,Y轴_Pos_16,24255,,,
PLC/Y轴_Pos,Y轴_Pos_17,24256,,,
PLC/Y轴_Pos,Y轴_Pos_18,24257,,,
PLC/Y轴_Pos,Y轴_Pos_19,24258,,,
PLC/Y轴_Pos,Y轴_Pos_20,24259,,,
PLC/Y轴_Pos,Y轴_Pos_21,24260,,,
PLC/Y轴_Pos,Y轴_Pos_22,24261,,,
PLC/Y轴_Pos,Y轴_Pos_23,24262,,,
PLC/Y轴_Pos,Y轴_Pos_24,24263,,,
PLC/Y轴_Pos,Y轴_Pos_25,24264,,,
PLC/Y轴_Pos,Y轴_Pos_26,24265,,,
PLC/Y轴_Pos,Y轴_Pos_27,24266,,,
PLC/Y轴_Pos,Y轴_Pos_28,24267,,,
PLC/Y轴_Pos,Y轴_Pos_29,24268,,,
PLC/Y轴_Pos,Y轴_Pos_30,24269,,,
PLC/Y轴_Pos,Y轴_Pos_31,24270,,,
PLC/Y轴_Pos,Y轴_Pos_32,24271,,,
PLC/Y轴_Pos,Y轴_Pos_33,24272,,,
PLC/Y轴_Pos,Y轴_Pos_34,24273,,,
PLC/Y轴_Pos,Y轴_Pos_35,24274,,,
PLC/Y轴_Pos,Y轴_Pos_36,24275,,,
PLC/Y轴_Pos,Y轴_Pos_37,24276,,,
PLC/Y轴_Pos,Y轴_Pos_38,24277,,,
PLC/Y轴_Pos,Y轴_Pos_39,24278,,,
PLC/Y轴_Pos,Y轴_Pos_40,24279,,,
PLC/Y轴_Pos,Y轴_Pos_41,24280,,,
PLC/Y轴_Pos,Y轴_Pos_42,24281,,,
PLC/Y轴_Pos,Y轴_Pos_43,24282,,,
PLC/Y轴_Pos,Y轴_Pos_44,24283,,,
PLC/Y轴_Pos,Y轴_Pos_45,24284,,,
PLC/Y轴_Pos,Y轴_Pos_46,24285,,,
PLC/Y轴_Pos,Y轴_Pos_47,24286,,,
PLC/Y轴_Pos,Y轴_Pos_48,24287,,,
PLC/Y轴_Pos,Y轴_Pos_49,24288,,,
PLC/Y轴_Pos,Y轴_Pos_50,24289,,,
PLC/Y轴_Pos,Y轴_Pos_51,24290,,,
PLC/Y轴_Pos,Y轴_Pos_52,24291,,,
PLC/Y轴_Pos,Y轴_Pos_53,24292,,,
PLC/Y轴_Pos,Y轴_Pos_54,24293,,,
PLC/Y轴_Pos,Y轴_Pos_55,24294,,,
PLC/Y轴_Pos,Y轴_Pos_56,24295,,,
PLC/Y轴_Pos,Y轴_Pos_57,24296,,,
PLC/Y轴_Pos,Y轴_Pos_58,24297,,,
PLC/Y轴_Pos,Y轴_Pos_59,24298,,,
PLC/Y轴_Pos,Y轴_Pos_60,24299,,,

PLC/Y轴_Vel,Y轴_Vel_1,24360,,,
PLC/Y轴_Vel,Y轴_Vel_2,24362,,,
PLC/Y轴_Vel,Y轴_Vel_3,24364,,,
PLC/Y轴_Vel,Y轴_Vel_4,24366,,,
PLC/Y轴_Vel,Y轴_Vel_5,24368,,,
PLC/Y轴_Vel,Y轴_Vel_6,24370,,,
PLC/Y轴_Vel,Y轴_Vel_7,24372,,,
PLC/Y轴_Vel,Y轴_Vel_8,24374,,,
PLC/Y轴_Vel,Y轴_Vel_9,24376,,,
PLC/Y轴_Vel,Y轴_Vel_10,24378,,,
PLC/Y轴_Vel,Y轴_Vel_11,24380,,,
PLC/Y轴_Vel,Y轴_Vel_12,24382,,,
PLC/Y轴_Vel,Y轴_Vel_13,24384,,,
PLC/Y轴_Vel,Y轴_Vel_14,24386,,,
PLC/Y轴_Vel,Y轴_Vel_15,24388,,,
PLC/Y轴_Vel,Y轴_Vel_16,24390,,,
PLC/Y轴_Vel,Y轴_Vel_17,24392,,,
PLC/Y轴_Vel,Y轴_Vel_18,24394,,,
PLC/Y轴_Vel,Y轴_Vel_19,24396,,,
PLC/Y轴_Vel,Y轴_Vel_20,24398,,,
PLC/Y轴_Vel,Y轴_Vel_21,24400,,,
PLC/Y轴_Vel,Y轴_Vel_22,24402,,,
PLC/Y轴_Vel,Y轴_Vel_23,24404,,,
PLC/Y轴_Vel,Y轴_Vel_24,24406,,,
PLC/Y轴_Vel,Y轴_Vel_25,24408,,,
PLC/Y轴_Vel,Y轴_Vel_26,24410,,,
PLC/Y轴_Vel,Y轴_Vel_27,24412,,,
PLC/Y轴_Vel,Y轴_Vel_28,24414,,,
PLC/Y轴_Vel,Y轴_Vel_29,24416,,,
PLC/Y轴_Vel,Y轴_Vel_30,24418,,,
PLC/Y轴_Vel,Y轴_Vel_31,24420,,,
PLC/Y轴_Vel,Y轴_Vel_32,24422,,,
PLC/Y轴_Vel,Y轴_Vel_33,24424,,,
PLC/Y轴_Vel,Y轴_Vel_34,24426,,,
PLC/Y轴_Vel,Y轴_Vel_35,24428,,,
PLC/Y轴_Vel,Y轴_Vel_36,24430,,,
PLC/Y轴_Vel,Y轴_Vel_37,24432,,,
PLC/Y轴_Vel,Y轴_Vel_38,24434,,,
PLC/Y轴_Vel,Y轴_Vel_39,24436,,,
PLC/Y轴_Vel,Y轴_Vel_40,24438,,,
PLC/Y轴_Vel,Y轴_Vel_41,24440,,,
PLC/Y轴_Vel,Y轴_Vel_42,24442,,,
PLC/Y轴_Vel,Y轴_Vel_43,24444,,,
PLC/Y轴_Vel,Y轴_Vel_44,24446,,,
PLC/Y轴_Vel,Y轴_Vel_45,24448,,,
PLC/Y轴_Vel,Y轴_Vel_46,24450,,,
PLC/Y轴_Vel,Y轴_Vel_47,24452,,,
PLC/Y轴_Vel,Y轴_Vel_48,24454,,,
PLC/Y轴_Vel,Y轴_Vel_49,24456,,,
PLC/Y轴_Vel,Y轴_Vel_50,24458,,,
PLC/Y轴_Vel,Y轴_Vel_51,24460,,,
PLC/Y轴_Vel,Y轴_Vel_52,24462,,,
PLC/Y轴_Vel,Y轴_Vel_53,24464,,,
PLC/Y轴_Vel,Y轴_Vel_54,24466,,,
PLC/Y轴_Vel,Y轴_Vel_55,24468,,,
PLC/Y轴_Vel,Y轴_Vel_56,24470,,,
PLC/Y轴_Vel,Y轴_Vel_57,24472,,,
PLC/Y轴_Vel,Y轴_Vel_58,24474,,,
PLC/Y轴_Vel,Y轴_Vel_59,24476,,,
PLC/Y轴_Vel,Y轴_Vel_60,24478,,,

PLC/Z轴_Pos,Z轴_Pos_1,24480,,,
PLC/Z轴_Pos,Z轴_Pos_2,24482,,,
PLC/Z轴_Pos,Z轴_Pos_3,24484,,,
PLC/Z轴_Pos,Z轴_Pos_4,24486,,,
PLC/Z轴_Pos,Z轴_Pos_5,24488,,,
PLC/Z轴_Pos,Z轴_Pos_6,24490,,,
PLC/Z轴_Pos,Z轴_Pos_7,24492,,,
PLC/Z轴_Pos,Z轴_Pos_8,24494,,,
PLC/Z轴_Pos,Z轴_Pos_9,24496,,,
PLC/Z轴_Pos,Z轴_Pos_10,24498,,,
PLC/Z轴_Pos,Z轴_Pos_11,24500,,,
PLC/Z轴_Pos,Z轴_Pos_12,24502,,,
PLC/Z轴_Pos,Z轴_Pos_13,24504,,,
PLC/Z轴_Pos,Z轴_Pos_14,24506,,,
PLC/Z轴_Pos,Z轴_Pos_15,24508,,,
PLC/Z轴_Pos,Z轴_Pos_16,24510,,,
PLC/Z轴_Pos,Z轴_Pos_17,24512,,,
PLC/Z轴_Pos,Z轴_Pos_18,24514,,,
PLC/Z轴_Pos,Z轴_Pos_19,24516,,,
PLC/Z轴_Pos,Z轴_Pos_20,24518,,,
PLC/Z轴_Pos,Z轴_Pos_21,24520,,,
PLC/Z轴_Pos,Z轴_Pos_22,24522,,,
PLC/Z轴_Pos,Z轴_Pos_23,24524,,,
PLC/Z轴_Pos,Z轴_Pos_24,24526,,,
PLC/Z轴_Pos,Z轴_Pos_25,24528,,,
PLC/Z轴_Pos,Z轴_Pos_26,24530,,,
PLC/Z轴_Pos,Z轴_Pos_27,24532,,,
PLC/Z轴_Pos,Z轴_Pos_28,24534,,,
PLC/Z轴_Pos,Z轴_Pos_29,24536,,,
PLC/Z轴_Pos,Z轴_Pos_30,24538,,,
PLC/Z轴_Pos,Z轴_Pos_31,24540,,,
PLC/Z轴_Pos,Z轴_Pos_32,24542,,,
PLC/Z轴_Pos,Z轴_Pos_33,24544,,,
PLC/Z轴_Pos,Z轴_Pos_34,24546,,,
PLC/Z轴_Pos,Z轴_Pos_35,24548,,,
PLC/Z轴_Pos,Z轴_Pos_36,24550,,,
PLC/Z轴_Pos,Z轴_Pos_37,24552,,,
PLC/Z轴_Pos,Z轴_Pos_38,24554,,,
PLC/Z轴_Pos,Z轴_Pos_39,24556,,,
PLC/Z轴_Pos,Z轴_Pos_40,24558,,,
PLC/Z轴_Pos,Z轴_Pos_41,24560,,,
PLC/Z轴_Pos,Z轴_Pos_42,24562,,,
PLC/Z轴_Pos,Z轴_Pos_43,24564,,,
PLC/Z轴_Pos,Z轴_Pos_44,24566,,,
PLC/Z轴_Pos,Z轴_Pos_45,24568,,,
PLC/Z轴_Pos,Z轴_Pos_46,24570,,,
PLC/Z轴_Pos,Z轴_Pos_47,24572,,,
PLC/Z轴_Pos,Z轴_Pos_48,24574,,,
PLC/Z轴_Pos,Z轴_Pos_49,24576,,,
PLC/Z轴_Pos,Z轴_Pos_50,24578,,,
PLC/Z轴_Pos,Z轴_Pos_51,24580,,,
PLC/Z轴_Pos,Z轴_Pos_52,24582,,,
PLC/Z轴_Pos,Z轴_Pos_53,24584,,,
PLC/Z轴_Pos,Z轴_Pos_54,24586,,,
PLC/Z轴_Pos,Z轴_Pos_55,24588,,,
PLC/Z轴_Pos,Z轴_Pos_56,24590,,,
PLC/Z轴_Pos,Z轴_Pos_57,24592,,,
PLC/Z轴_Pos,Z轴_Pos_58,24594,,,
PLC/Z轴_Pos,Z轴_Pos_59,24596,,,
PLC/Z轴_Pos,Z轴_Pos_60,24598,,,

PLC/Z轴_Vel,Z轴_Vel_1,24600,,,
PLC/Z轴_Vel,Z轴_Vel_2,24602,,,
PLC/Z轴_Vel,Z轴_Vel_3,24604,,,
PLC/Z轴_Vel,Z轴_Vel_4,24606,,,
PLC/Z轴_Vel,Z轴_Vel_5,24608,,,
PLC/Z轴_Vel,Z轴_Vel_6,24610,,,
PLC/Z轴_Vel,Z轴_Vel_7,24612,,,
PLC/Z轴_Vel,Z轴_Vel_8,24614,,,
PLC/Z轴_Vel,Z轴_Vel_9,24616,,,
PLC/Z轴_Vel,Z轴_Vel_10,24618,,,
PLC/Z轴_Vel,Z轴_Vel_11,24620,,,
PLC/Z轴_Vel,Z轴_Vel_12,24622,,,
PLC/Z轴_Vel,Z轴_Vel_13,24624,,,
PLC/Z轴_Vel,Z轴_Vel_14,24626,,,
PLC/Z轴_Vel,Z轴_Vel_15,24628,,,
PLC/Z轴_Vel,Z轴_Vel_16,24630,,,
PLC/Z轴_Vel,Z轴_Vel_17,24632,,,
PLC/Z轴_Vel,Z轴_Vel_18,24634,,,
PLC/Z轴_Vel,Z轴_Vel_19,24636,,,
PLC/Z轴_Vel,Z轴_Vel_20,24638,,,
PLC/Z轴_Vel,Z轴_Vel_21,24640,,,
PLC/Z轴_Vel,Z轴_Vel_22,24642,,,
PLC/Z轴_Vel,Z轴_Vel_23,24644,,,
PLC/Z轴_Vel,Z轴_Vel_24,24646,,,
PLC/Z轴_Vel,Z轴_Vel_25,24648,,,
PLC/Z轴_Vel,Z轴_Vel_26,24650,,,
PLC/Z轴_Vel,Z轴_Vel_27,24652,,,
PLC/Z轴_Vel,Z轴_Vel_28,24654,,,
PLC/Z轴_Vel,Z轴_Vel_29,24656,,,
PLC/Z轴_Vel,Z轴_Vel_30,24658,,,
PLC/Z轴_Vel,Z轴_Vel_31,24660,,,
PLC/Z轴_Vel,Z轴_Vel_32,24662,,,
PLC/Z轴_Vel,Z轴_Vel_33,24664,,,
PLC/Z轴_Vel,Z轴_Vel_34,24666,,,
PLC/Z轴_Vel,Z轴_Vel_35,24668,,,
PLC/Z轴_Vel,Z轴_Vel_36,24670,,,
PLC/Z轴_Vel,Z轴_Vel_37,24672,,,
PLC/Z轴_Vel,Z轴_Vel_38,24674,,,
PLC/Z轴_Vel,Z轴_Vel_39,24676,,,
PLC/Z轴_Vel,Z轴_Vel_40,24678,,,
PLC/Z轴_Vel,Z轴_Vel_41,24680,,,
PLC/Z轴_Vel,Z轴_Vel_42,24682,,,
PLC/Z轴_Vel,Z轴_Vel_43,24684,,,
PLC/Z轴_Vel,Z轴_Vel_44,24686,,,
PLC/Z轴_Vel,Z轴_Vel_45,24688,,,
PLC/Z轴_Vel,Z轴_Vel_46,24690,,,
PLC/Z轴_Vel,Z轴_Vel_47,24692,,,
PLC/Z轴_Vel,Z轴_Vel_48,24694,,,
PLC/Z轴_Vel,Z轴_Vel_49,24696,,,
PLC/Z轴_Vel,Z轴_Vel_50,24698,,,
PLC/Z轴_Vel,Z轴_Vel_51,24700,,,
PLC/Z轴_Vel,Z轴_Vel_52,24702,,,
PLC/Z轴_Vel,Z轴_Vel_53,24704,,,
PLC/Z轴_Vel,Z轴_Vel_54,24706,,,
PLC/Z轴_Vel,Z轴_Vel_55,24708,,,
PLC/Z轴_Vel,Z轴_Vel_56,24710,,,
PLC/Z轴_Vel,Z轴_Vel_57,24712,,,
PLC/Z轴_Vel,Z轴_Vel_58,24714,,,
PLC/Z轴_Vel,Z轴_Vel_59,24716,,,
PLC/Z轴_Vel,Z轴_Vel_60,24718,,,

PLC/进料轴1_Pos,进料轴1_Pos_1,24720,,,
PLC/进料轴1_Pos,进料轴1_Pos_2,24722,,,
PLC/进料轴1_Pos,进料轴1_Pos_3,24724,,,
PLC/进料轴1_Pos,进料轴1_Pos_4,24726,,,
PLC/进料轴1_Pos,进料轴1_Pos_5,24728,,,
PLC/进料轴1_Pos,进料轴1_Pos_6,24730,,,
PLC/进料轴1_Pos,进料轴1_Pos_7,24732,,,
PLC/进料轴1_Pos,进料轴1_Pos_8,24734,,,
PLC/进料轴1_Pos,进料轴1_Pos_9,24736,,,
PLC/进料轴1_Pos,进料轴1_Pos_10,24738,,,
PLC/进料轴1_Pos,进料轴1_Pos_11,24740,,,
PLC/进料轴1_Pos,进料轴1_Pos_12,24742,,,
PLC/进料轴1_Pos,进料轴1_Pos_13,24744,,,
PLC/进料轴1_Pos,进料轴1_Pos_14,24746,,,
PLC/进料轴1_Pos,进料轴1_Pos_15,24748,,,
PLC/进料轴1_Pos,进料轴1_Pos_16,24750,,,
PLC/进料轴1_Pos,进料轴1_Pos_17,24752,,,
PLC/进料轴1_Pos,进料轴1_Pos_18,24754,,,
PLC/进料轴1_Pos,进料轴1_Pos_19,24756,,,
PLC/进料轴1_Pos,进料轴1_Pos_20,24758,,,
PLC/进料轴1_Pos,进料轴1_Pos_21,24760,,,
PLC/进料轴1_Pos,进料轴1_Pos_22,24762,,,
PLC/进料轴1_Pos,进料轴1_Pos_23,24764,,,
PLC/进料轴1_Pos,进料轴1_Pos_24,24766,,,
PLC/进料轴1_Pos,进料轴1_Pos_25,24768,,,
PLC/进料轴1_Pos,进料轴1_Pos_26,24770,,,
PLC/进料轴1_Pos,进料轴1_Pos_27,24772,,,
PLC/进料轴1_Pos,进料轴1_Pos_28,24774,,,
PLC/进料轴1_Pos,进料轴1_Pos_29,24776,,,
PLC/进料轴1_Pos,进料轴1_Pos_30,24778,,,
PLC/进料轴1_Pos,进料轴1_Pos_31,24780,,,
PLC/进料轴1_Pos,进料轴1_Pos_32,24782,,,
PLC/进料轴1_Pos,进料轴1_Pos_33,24784,,,
PLC/进料轴1_Pos,进料轴1_Pos_34,24786,,,
PLC/进料轴1_Pos,进料轴1_Pos_35,24788,,,
PLC/进料轴1_Pos,进料轴1_Pos_36,24790,,,
PLC/进料轴1_Pos,进料轴1_Pos_37,24792,,,
PLC/进料轴1_Pos,进料轴1_Pos_38,24794,,,
PLC/进料轴1_Pos,进料轴1_Pos_39,24796,,,
PLC/进料轴1_Pos,进料轴1_Pos_40,24798,,,
PLC/进料轴1_Pos,进料轴1_Pos_41,24800,,,
PLC/进料轴1_Pos,进料轴1_Pos_42,24802,,,
PLC/进料轴1_Pos,进料轴1_Pos_43,24804,,,
PLC/进料轴1_Pos,进料轴1_Pos_44,24806,,,
PLC/进料轴1_Pos,进料轴1_Pos_45,24808,,,
PLC/进料轴1_Pos,进料轴1_Pos_46,24810,,,
PLC/进料轴1_Pos,进料轴1_Pos_47,24812,,,
PLC/进料轴1_Pos,进料轴1_Pos_48,24814,,,
PLC/进料轴1_Pos,进料轴1_Pos_49,24816,,,
PLC/进料轴1_Pos,进料轴1_Pos_50,24818,,,
PLC/进料轴1_Pos,进料轴1_Pos_51,24820,,,
PLC/进料轴1_Pos,进料轴1_Pos_52,24822,,,
PLC/进料轴1_Pos,进料轴1_Pos_53,24824,,,
PLC/进料轴1_Pos,进料轴1_Pos_54,24826,,,
PLC/进料轴1_Pos,进料轴1_Pos_55,24828,,,
PLC/进料轴1_Pos,进料轴1_Pos_56,24830,,,
PLC/进料轴1_Pos,进料轴1_Pos_57,24832,,,
PLC/进料轴1_Pos,进料轴1_Pos_58,24834,,,
PLC/进料轴1_Pos,进料轴1_Pos_59,24836,,,
PLC/进料轴1_Pos,进料轴1_Pos_60,24838,,,

PLC/进料轴1_Vel,进料轴1_Vel_1,24840,,,
PLC/进料轴1_Vel,进料轴1_Vel_2,24842,,,
PLC/进料轴1_Vel,进料轴1_Vel_3,24844,,,
PLC/进料轴1_Vel,进料轴1_Vel_4,24846,,,
PLC/进料轴1_Vel,进料轴1_Vel_5,24848,,,
PLC/进料轴1_Vel,进料轴1_Vel_6,24850,,,
PLC/进料轴1_Vel,进料轴1_Vel_7,24852,,,
PLC/进料轴1_Vel,进料轴1_Vel_8,24854,,,
PLC/进料轴1_Vel,进料轴1_Vel_9,24856,,,
PLC/进料轴1_Vel,进料轴1_Vel_10,24858,,,
PLC/进料轴1_Vel,进料轴1_Vel_11,24860,,,
PLC/进料轴1_Vel,进料轴1_Vel_12,24862,,,
PLC/进料轴1_Vel,进料轴1_Vel_13,24864,,,
PLC/进料轴1_Vel,进料轴1_Vel_14,24866,,,
PLC/进料轴1_Vel,进料轴1_Vel_15,24868,,,
PLC/进料轴1_Vel,进料轴1_Vel_16,24870,,,
PLC/进料轴1_Vel,进料轴1_Vel_17,24872,,,
PLC/进料轴1_Vel,进料轴1_Vel_18,24874,,,
PLC/进料轴1_Vel,进料轴1_Vel_19,24876,,,
PLC/进料轴1_Vel,进料轴1_Vel_20,24878,,,
PLC/进料轴1_Vel,进料轴1_Vel_21,24880,,,
PLC/进料轴1_Vel,进料轴1_Vel_22,24882,,,
PLC/进料轴1_Vel,进料轴1_Vel_23,24884,,,
PLC/进料轴1_Vel,进料轴1_Vel_24,24886,,,
PLC/进料轴1_Vel,进料轴1_Vel_25,24888,,,
PLC/进料轴1_Vel,进料轴1_Vel_26,24890,,,
PLC/进料轴1_Vel,进料轴1_Vel_27,24892,,,
PLC/进料轴1_Vel,进料轴1_Vel_28,24894,,,
PLC/进料轴1_Vel,进料轴1_Vel_29,24896,,,
PLC/进料轴1_Vel,进料轴1_Vel_30,24898,,,
PLC/进料轴1_Vel,进料轴1_Vel_31,24900,,,
PLC/进料轴1_Vel,进料轴1_Vel_32,24902,,,
PLC/进料轴1_Vel,进料轴1_Vel_33,24904,,,
PLC/进料轴1_Vel,进料轴1_Vel_34,24906,,,
PLC/进料轴1_Vel,进料轴1_Vel_35,24908,,,
PLC/进料轴1_Vel,进料轴1_Vel_36,24910,,,
PLC/进料轴1_Vel,进料轴1_Vel_37,24912,,,
PLC/进料轴1_Vel,进料轴1_Vel_38,24914,,,
PLC/进料轴1_Vel,进料轴1_Vel_39,24916,,,
PLC/进料轴1_Vel,进料轴1_Vel_40,24918,,,
PLC/进料轴1_Vel,进料轴1_Vel_41,24920,,,
PLC/进料轴1_Vel,进料轴1_Vel_42,24922,,,
PLC/进料轴1_Vel,进料轴1_Vel_43,24924,,,
PLC/进料轴1_Vel,进料轴1_Vel_44,24926,,,
PLC/进料轴1_Vel,进料轴1_Vel_45,24928,,,
PLC/进料轴1_Vel,进料轴1_Vel_46,24930,,,
PLC/进料轴1_Vel,进料轴1_Vel_47,24932,,,
PLC/进料轴1_Vel,进料轴1_Vel_48,24934,,,
PLC/进料轴1_Vel,进料轴1_Vel_49,24936,,,
PLC/进料轴1_Vel,进料轴1_Vel_50,24938,,,
PLC/进料轴1_Vel,进料轴1_Vel_51,24940,,,
PLC/进料轴1_Vel,进料轴1_Vel_52,24942,,,
PLC/进料轴1_Vel,进料轴1_Vel_53,24944,,,
PLC/进料轴1_Vel,进料轴1_Vel_54,24946,,,
PLC/进料轴1_Vel,进料轴1_Vel_55,24948,,,
PLC/进料轴1_Vel,进料轴1_Vel_56,24950,,,
PLC/进料轴1_Vel,进料轴1_Vel_57,24952,,,
PLC/进料轴1_Vel,进料轴1_Vel_58,24954,,,
PLC/进料轴1_Vel,进料轴1_Vel_59,24956,,,
PLC/进料轴1_Vel,进料轴1_Vel_60,24958,,,

PLC/进料轴2_Pos,进料轴2_Pos_1,24960,,,
PLC/进料轴2_Pos,进料轴2_Pos_2,24962,,,
PLC/进料轴2_Pos,进料轴2_Pos_3,24964,,,
PLC/进料轴2_Pos,进料轴2_Pos_4,24966,,,
PLC/进料轴2_Pos,进料轴2_Pos_5,24968,,,
PLC/进料轴2_Pos,进料轴2_Pos_6,24970,,,
PLC/进料轴2_Pos,进料轴2_Pos_7,24972,,,
PLC/进料轴2_Pos,进料轴2_Pos_8,24974,,,
PLC/进料轴2_Pos,进料轴2_Pos_9,24976,,,
PLC/进料轴2_Pos,进料轴2_Pos_10,24978,,,
PLC/进料轴2_Pos,进料轴2_Pos_11,24980,,,
PLC/进料轴2_Pos,进料轴2_Pos_12,24982,,,
PLC/进料轴2_Pos,进料轴2_Pos_13,24984,,,
PLC/进料轴2_Pos,进料轴2_Pos_14,24986,,,
PLC/进料轴2_Pos,进料轴2_Pos_15,24988,,,
PLC/进料轴2_Pos,进料轴2_Pos_16,24990,,,
PLC/进料轴2_Pos,进料轴2_Pos_17,24992,,,
PLC/进料轴2_Pos,进料轴2_Pos_18,24994,,,
PLC/进料轴2_Pos,进料轴2_Pos_19,24996,,,
PLC/进料轴2_Pos,进料轴2_Pos_20,24998,,,
PLC/进料轴2_Pos,进料轴2_Pos_21,25000,,,
PLC/进料轴2_Pos,进料轴2_Pos_22,25002,,,
PLC/进料轴2_Pos,进料轴2_Pos_23,25004,,,
PLC/进料轴2_Pos,进料轴2_Pos_24,25006,,,
PLC/进料轴2_Pos,进料轴2_Pos_25,25008,,,
PLC/进料轴2_Pos,进料轴2_Pos_26,25010,,,
PLC/进料轴2_Pos,进料轴2_Pos_27,25012,,,
PLC/进料轴2_Pos,进料轴2_Pos_28,25014,,,
PLC/进料轴2_Pos,进料轴2_Pos_29,25016,,,
PLC/进料轴2_Pos,进料轴2_Pos_30,25018,,,
PLC/进料轴2_Pos,进料轴2_Pos_31,25020,,,
PLC/进料轴2_Pos,进料轴2_Pos_32,25022,,,
PLC/进料轴2_Pos,进料轴2_Pos_33,25024,,,
PLC/进料轴2_Pos,进料轴2_Pos_34,25026,,,
PLC/进料轴2_Pos,进料轴2_Pos_35,25028,,,
PLC/进料轴2_Pos,进料轴2_Pos_36,25030,,,
PLC/进料轴2_Pos,进料轴2_Pos_37,25032,,,
PLC/进料轴2_Pos,进料轴2_Pos_38,25034,,,
PLC/进料轴2_Pos,进料轴2_Pos_39,25036,,,
PLC/进料轴2_Pos,进料轴2_Pos_40,25038,,,
PLC/进料轴2_Pos,进料轴2_Pos_41,25040,,,
PLC/进料轴2_Pos,进料轴2_Pos_42,25042,,,
PLC/进料轴2_Pos,进料轴2_Pos_43,25044,,,
PLC/进料轴2_Pos,进料轴2_Pos_44,25046,,,
PLC/进料轴2_Pos,进料轴2_Pos_45,25048,,,
PLC/进料轴2_Pos,进料轴2_Pos_46,25050,,,
PLC/进料轴2_Pos,进料轴2_Pos_47,25052,,,
PLC/进料轴2_Pos,进料轴2_Pos_48,25054,,,
PLC/进料轴2_Pos,进料轴2_Pos_49,25056,,,
PLC/进料轴2_Pos,进料轴2_Pos_50,25058,,,
PLC/进料轴2_Pos,进料轴2_Pos_51,25060,,,
PLC/进料轴2_Pos,进料轴2_Pos_52,25062,,,
PLC/进料轴2_Pos,进料轴2_Pos_53,25064,,,
PLC/进料轴2_Pos,进料轴2_Pos_54,25066,,,
PLC/进料轴2_Pos,进料轴2_Pos_55,25068,,,
PLC/进料轴2_Pos,进料轴2_Pos_56,25070,,,
PLC/进料轴2_Pos,进料轴2_Pos_57,25072,,,
PLC/进料轴2_Pos,进料轴2_Pos_58,25074,,,
PLC/进料轴2_Pos,进料轴2_Pos_59,25076,,,
PLC/进料轴2_Pos,进料轴2_Pos_60,25078,,,

PLC/进料轴2_Vel,进料轴2_Vel_1,25080,,,
PLC/进料轴2_Vel,进料轴2_Vel_2,25082,,,
PLC/进料轴2_Vel,进料轴2_Vel_3,25084,,,
PLC/进料轴2_Vel,进料轴2_Vel_4,25086,,,
PLC/进料轴2_Vel,进料轴2_Vel_5,25088,,,
PLC/进料轴2_Vel,进料轴2_Vel_6,25090,,,
PLC/进料轴2_Vel,进料轴2_Vel_7,25092,,,
PLC/进料轴2_Vel,进料轴2_Vel_8,25094,,,
PLC/进料轴2_Vel,进料轴2_Vel_9,25096,,,
PLC/进料轴2_Vel,进料轴2_Vel_10,25098,,,
PLC/进料轴2_Vel,进料轴2_Vel_11,25100,,,
PLC/进料轴2_Vel,进料轴2_Vel_12,25102,,,
PLC/进料轴2_Vel,进料轴2_Vel_13,25104,,,
PLC/进料轴2_Vel,进料轴2_Vel_14,25106,,,
PLC/进料轴2_Vel,进料轴2_Vel_15,25108,,,
PLC/进料轴2_Vel,进料轴2_Vel_16,25110,,,
PLC/进料轴2_Vel,进料轴2_Vel_17,25112,,,
PLC/进料轴2_Vel,进料轴2_Vel_18,25114,,,
PLC/进料轴2_Vel,进料轴2_Vel_19,25116,,,
PLC/进料轴2_Vel,进料轴2_Vel_20,25118,,,
PLC/进料轴2_Vel,进料轴2_Vel_21,25120,,,
PLC/进料轴2_Vel,进料轴2_Vel_22,25122,,,
PLC/进料轴2_Vel,进料轴2_Vel_23,25124,,,
PLC/进料轴2_Vel,进料轴2_Vel_24,25126,,,
PLC/进料轴2_Vel,进料轴2_Vel_25,25128,,,
PLC/进料轴2_Vel,进料轴2_Vel_26,25130,,,
PLC/进料轴2_Vel,进料轴2_Vel_27,25132,,,
PLC/进料轴2_Vel,进料轴2_Vel_28,25134,,,
PLC/进料轴2_Vel,进料轴2_Vel_29,25136,,,
PLC/进料轴2_Vel,进料轴2_Vel_30,25138,,,
PLC/进料轴2_Vel,进料轴2_Vel_31,25140,,,
PLC/进料轴2_Vel,进料轴2_Vel_32,25142,,,
PLC/进料轴2_Vel,进料轴2_Vel_33,25144,,,
PLC/进料轴2_Vel,进料轴2_Vel_34,25146,,,
PLC/进料轴2_Vel,进料轴2_Vel_35,25148,,,
PLC/进料轴2_Vel,进料轴2_Vel_36,25150,,,
PLC/进料轴2_Vel,进料轴2_Vel_37,25152,,,
PLC/进料轴2_Vel,进料轴2_Vel_38,25154,,,
PLC/进料轴2_Vel,进料轴2_Vel_39,25156,,,
PLC/进料轴2_Vel,进料轴2_Vel_40,25158,,,
PLC/进料轴2_Vel,进料轴2_Vel_41,25160,,,
PLC/进料轴2_Vel,进料轴2_Vel_42,25162,,,
PLC/进料轴2_Vel,进料轴2_Vel_43,25164,,,
PLC/进料轴2_Vel,进料轴2_Vel_44,25166,,,
PLC/进料轴2_Vel,进料轴2_Vel_45,25168,,,
PLC/进料轴2_Vel,进料轴2_Vel_46,25170,,,
PLC/进料轴2_Vel,进料轴2_Vel_47,25172,,,
PLC/进料轴2_Vel,进料轴2_Vel_48,25174,,,
PLC/进料轴2_Vel,进料轴2_Vel_49,25176,,,
PLC/进料轴2_Vel,进料轴2_Vel_50,25178,,,
PLC/进料轴2_Vel,进料轴2_Vel_51,25180,,,
PLC/进料轴2_Vel,进料轴2_Vel_52,25182,,,
PLC/进料轴2_Vel,进料轴2_Vel_53,25184,,,
PLC/进料轴2_Vel,进料轴2_Vel_54,25186,,,
PLC/进料轴2_Vel,进料轴2_Vel_55,25188,,,
PLC/进料轴2_Vel,进料轴2_Vel_56,25190,,,
PLC/进料轴2_Vel,进料轴2_Vel_57,25192,,,
PLC/进料轴2_Vel,进料轴2_Vel_58,25194,,,
PLC/进料轴2_Vel,进料轴2_Vel_59,25196,,,
PLC/进料轴2_Vel,进料轴2_Vel_60,25198,,,

PLC/龙门轴1_Pos,龙门轴1_Pos_1,25200,,,
PLC/龙门轴1_Pos,龙门轴1_Pos_2,25202,,,
PLC/龙门轴1_Pos,龙门轴1_Pos_3,25204,,,
PLC/龙门轴1_Pos,龙门轴1_Pos_4,25206,,,
PLC/龙门轴1_Pos,龙门轴1_Pos_5,25208,,,
PLC/龙门轴1_Pos,龙门轴1_Pos_6,25210,,,
PLC/龙门轴1_Pos,龙门轴1_Pos_7,25212,,,
PLC/龙门轴1_Pos,龙门轴1_Pos_8,25214,,,
PLC/龙门轴1_Pos,龙门轴1_Pos_9,25216,,,
PLC/龙门轴1_Pos,龙门轴1_Pos_10,25218,,,
PLC/龙门轴1_Pos,龙门轴1_Pos_11,25220,,,
PLC/龙门轴1_Pos,龙门轴1_Pos_12,25222,,,
PLC/龙门轴1_Pos,龙门轴1_Pos_13,25224,,,
PLC/龙门轴1_Pos,龙门轴1_Pos_14,25226,,,
PLC/龙门轴1_Pos,龙门轴1_Pos_15,25228,,,
PLC/龙门轴1_Pos,龙门轴1_Pos_16,25230,,,
PLC/龙门轴1_Pos,龙门轴1_Pos_17,25232,,,
PLC/龙门轴1_Pos,龙门轴1_Pos_18,25234,,,
PLC/龙门轴1_Pos,龙门轴1_Pos_19,25236,,,
PLC/龙门轴1_Pos,龙门轴1_Pos_20,25238,,,
PLC/龙门轴1_Pos,龙门轴1_Pos_21,25240,,,
PLC/龙门轴1_Pos,龙门轴1_Pos_22,25242,,,
PLC/龙门轴1_Pos,龙门轴1_Pos_23,25244,,,
PLC/龙门轴1_Pos,龙门轴1_Pos_24,25246,,,
PLC/龙门轴1_Pos,龙门轴1_Pos_25,25248,,,
PLC/龙门轴1_Pos,龙门轴1_Pos_26,25250,,,
PLC/龙门轴1_Pos,龙门轴1_Pos_27,25252,,,
PLC/龙门轴1_Pos,龙门轴1_Pos_28,25254,,,
PLC/龙门轴1_Pos,龙门轴1_Pos_29,25256,,,
PLC/龙门轴1_Pos,龙门轴1_Pos_30,25258,,,
PLC/龙门轴1_Pos,龙门轴1_Pos_31,25260,,,
PLC/龙门轴1_Pos,龙门轴1_Pos_32,25262,,,
PLC/龙门轴1_Pos,龙门轴1_Pos_33,25264,,,
PLC/龙门轴1_Pos,龙门轴1_Pos_34,25266,,,
PLC/龙门轴1_Pos,龙门轴1_Pos_35,25268,,,
PLC/龙门轴1_Pos,龙门轴1_Pos_36,25270,,,
PLC/龙门轴1_Pos,龙门轴1_Pos_37,25272,,,
PLC/龙门轴1_Pos,龙门轴1_Pos_38,25274,,,
PLC/龙门轴1_Pos,龙门轴1_Pos_39,25276,,,
PLC/龙门轴1_Pos,龙门轴1_Pos_40,25278,,,
PLC/龙门轴1_Pos,龙门轴1_Pos_41,25280,,,
PLC/龙门轴1_Pos,龙门轴1_Pos_42,25282,,,
PLC/龙门轴1_Pos,龙门轴1_Pos_43,25284,,,
PLC/龙门轴1_Pos,龙门轴1_Pos_44,25286,,,
PLC/龙门轴1_Pos,龙门轴1_Pos_45,25288,,,
PLC/龙门轴1_Pos,龙门轴1_Pos_46,25290,,,
PLC/龙门轴1_Pos,龙门轴1_Pos_47,25292,,,
PLC/龙门轴1_Pos,龙门轴1_Pos_48,25294,,,
PLC/龙门轴1_Pos,龙门轴1_Pos_49,25296,,,
PLC/龙门轴1_Pos,龙门轴1_Pos_50,25298,,,
PLC/龙门轴1_Pos,龙门轴1_Pos_51,25300,,,
PLC/龙门轴1_Pos,龙门轴1_Pos_52,25302,,,
PLC/龙门轴1_Pos,龙门轴1_Pos_53,25304,,,
PLC/龙门轴1_Pos,龙门轴1_Pos_54,25306,,,
PLC/龙门轴1_Pos,龙门轴1_Pos_55,25308,,,
PLC/龙门轴1_Pos,龙门轴1_Pos_56,25310,,,
PLC/龙门轴1_Pos,龙门轴1_Pos_57,25312,,,
PLC/龙门轴1_Pos,龙门轴1_Pos_58,25314,,,
PLC/龙门轴1_Pos,龙门轴1_Pos_59,25316,,,
PLC/龙门轴1_Pos,龙门轴1_Pos_60,25318,,,

PLC/龙门轴1_Vel,龙门轴1_Vel_1,25320,,,
PLC/龙门轴1_Vel,龙门轴1_Vel_2,25322,,,
PLC/龙门轴1_Vel,龙门轴1_Vel_3,25324,,,
PLC/龙门轴1_Vel,龙门轴1_Vel_4,25326,,,
PLC/龙门轴1_Vel,龙门轴1_Vel_5,25328,,,
PLC/龙门轴1_Vel,龙门轴1_Vel_6,25330,,,
PLC/龙门轴1_Vel,龙门轴1_Vel_7,25332,,,
PLC/龙门轴1_Vel,龙门轴1_Vel_8,25334,,,
PLC/龙门轴1_Vel,龙门轴1_Vel_9,25336,,,
PLC/龙门轴1_Vel,龙门轴1_Vel_10,25338,,,
PLC/龙门轴1_Vel,龙门轴1_Vel_11,25340,,,
PLC/龙门轴1_Vel,龙门轴1_Vel_12,25342,,,
PLC/龙门轴1_Vel,龙门轴1_Vel_13,25344,,,
PLC/龙门轴1_Vel,龙门轴1_Vel_14,25346,,,
PLC/龙门轴1_Vel,龙门轴1_Vel_15,25348,,,
PLC/龙门轴1_Vel,龙门轴1_Vel_16,25350,,,
PLC/龙门轴1_Vel,龙门轴1_Vel_17,25352,,,
PLC/龙门轴1_Vel,龙门轴1_Vel_18,25354,,,
PLC/龙门轴1_Vel,龙门轴1_Vel_19,25356,,,
PLC/龙门轴1_Vel,龙门轴1_Vel_20,25358,,,
PLC/龙门轴1_Vel,龙门轴1_Vel_21,25360,,,
PLC/龙门轴1_Vel,龙门轴1_Vel_22,25362,,,
PLC/龙门轴1_Vel,龙门轴1_Vel_23,25364,,,
PLC/龙门轴1_Vel,龙门轴1_Vel_24,25366,,,
PLC/龙门轴1_Vel,龙门轴1_Vel_25,25368,,,
PLC/龙门轴1_Vel,龙门轴1_Vel_26,25370,,,
PLC/龙门轴1_Vel,龙门轴1_Vel_27,25372,,,
PLC/龙门轴1_Vel,龙门轴1_Vel_28,25374,,,
PLC/龙门轴1_Vel,龙门轴1_Vel_29,25376,,,
PLC/龙门轴1_Vel,龙门轴1_Vel_30,25378,,,
PLC/龙门轴1_Vel,龙门轴1_Vel_31,25380,,,
PLC/龙门轴1_Vel,龙门轴1_Vel_32,25382,,,
PLC/龙门轴1_Vel,龙门轴1_Vel_33,25384,,,
PLC/龙门轴1_Vel,龙门轴1_Vel_34,25386,,,
PLC/龙门轴1_Vel,龙门轴1_Vel_35,25388,,,
PLC/龙门轴1_Vel,龙门轴1_Vel_36,25390,,,
PLC/龙门轴1_Vel,龙门轴1_Vel_37,25392,,,
PLC/龙门轴1_Vel,龙门轴1_Vel_38,25394,,,
PLC/龙门轴1_Vel,龙门轴1_Vel_39,25396,,,
PLC/龙门轴1_Vel,龙门轴1_Vel_40,25398,,,
PLC/龙门轴1_Vel,龙门轴1_Vel_41,25400,,,
PLC/龙门轴1_Vel,龙门轴1_Vel_42,25402,,,
PLC/龙门轴1_Vel,龙门轴1_Vel_43,25404,,,
PLC/龙门轴1_Vel,龙门轴1_Vel_44,25406,,,
PLC/龙门轴1_Vel,龙门轴1_Vel_45,25408,,,
PLC/龙门轴1_Vel,龙门轴1_Vel_46,25410,,,
PLC/龙门轴1_Vel,龙门轴1_Vel_47,25412,,,
PLC/龙门轴1_Vel,龙门轴1_Vel_48,25414,,,
PLC/龙门轴1_Vel,龙门轴1_Vel_49,25416,,,
PLC/龙门轴1_Vel,龙门轴1_Vel_50,25418,,,
PLC/龙门轴1_Vel,龙门轴1_Vel_51,25420,,,
PLC/龙门轴1_Vel,龙门轴1_Vel_52,25422,,,
PLC/龙门轴1_Vel,龙门轴1_Vel_53,25424,,,
PLC/龙门轴1_Vel,龙门轴1_Vel_54,25426,,,
PLC/龙门轴1_Vel,龙门轴1_Vel_55,25428,,,
PLC/龙门轴1_Vel,龙门轴1_Vel_56,25430,,,
PLC/龙门轴1_Vel,龙门轴1_Vel_57,25432,,,
PLC/龙门轴1_Vel,龙门轴1_Vel_58,25434,,,
PLC/龙门轴1_Vel,龙门轴1_Vel_59,25436,,,
PLC/龙门轴1_Vel,龙门轴1_Vel_60,25438,,,

PLC/龙门平移轴_Pos,龙门平移轴_Pos_1,25440,,,
PLC/龙门平移轴_Pos,龙门平移轴_Pos_2,25442,,,
PLC/龙门平移轴_Pos,龙门平移轴_Pos_3,25444,,,
PLC/龙门平移轴_Pos,龙门平移轴_Pos_4,25446,,,
PLC/龙门平移轴_Pos,龙门平移轴_Pos_5,25448,,,
PLC/龙门平移轴_Pos,龙门平移轴_Pos_6,25450,,,
PLC/龙门平移轴_Pos,龙门平移轴_Pos_7,25452,,,
PLC/龙门平移轴_Pos,龙门平移轴_Pos_8,25454,,,
PLC/龙门平移轴_Pos,龙门平移轴_Pos_9,25456,,,
PLC/龙门平移轴_Pos,龙门平移轴_Pos_10,25458,,,
PLC/龙门平移轴_Pos,龙门平移轴_Pos_11,25460,,,
PLC/龙门平移轴_Pos,龙门平移轴_Pos_12,25462,,,
PLC/龙门平移轴_Pos,龙门平移轴_Pos_13,25464,,,
PLC/龙门平移轴_Pos,龙门平移轴_Pos_14,25466,,,
PLC/龙门平移轴_Pos,龙门平移轴_Pos_15,25468,,,
PLC/龙门平移轴_Pos,龙门平移轴_Pos_16,25470,,,
PLC/龙门平移轴_Pos,龙门平移轴_Pos_17,25472,,,
PLC/龙门平移轴_Pos,龙门平移轴_Pos_18,25474,,,
PLC/龙门平移轴_Pos,龙门平移轴_Pos_19,25476,,,
PLC/龙门平移轴_Pos,龙门平移轴_Pos_20,25478,,,
PLC/龙门平移轴_Pos,龙门平移轴_Pos_21,25480,,,
PLC/龙门平移轴_Pos,龙门平移轴_Pos_22,25482,,,
PLC/龙门平移轴_Pos,龙门平移轴_Pos_23,25484,,,
PLC/龙门平移轴_Pos,龙门平移轴_Pos_24,25486,,,
PLC/龙门平移轴_Pos,龙门平移轴_Pos_25,25488,,,
PLC/龙门平移轴_Pos,龙门平移轴_Pos_26,25490,,,
PLC/龙门平移轴_Pos,龙门平移轴_Pos_27,25492,,,
PLC/龙门平移轴_Pos,龙门平移轴_Pos_28,25494,,,
PLC/龙门平移轴_Pos,龙门平移轴_Pos_29,25496,,,
PLC/龙门平移轴_Pos,龙门平移轴_Pos_30,25498,,,
PLC/龙门平移轴_Pos,龙门平移轴_Pos_31,25500,,,
PLC/龙门平移轴_Pos,龙门平移轴_Pos_32,25502,,,
PLC/龙门平移轴_Pos,龙门平移轴_Pos_33,25504,,,
PLC/龙门平移轴_Pos,龙门平移轴_Pos_34,25506,,,
PLC/龙门平移轴_Pos,龙门平移轴_Pos_35,25508,,,
PLC/龙门平移轴_Pos,龙门平移轴_Pos_36,25510,,,
PLC/龙门平移轴_Pos,龙门平移轴_Pos_37,25512,,,
PLC/龙门平移轴_Pos,龙门平移轴_Pos_38,25514,,,
PLC/龙门平移轴_Pos,龙门平移轴_Pos_39,25516,,,
PLC/龙门平移轴_Pos,龙门平移轴_Pos_40,25518,,,
PLC/龙门平移轴_Pos,龙门平移轴_Pos_41,25520,,,
PLC/龙门平移轴_Pos,龙门平移轴_Pos_42,25522,,,
PLC/龙门平移轴_Pos,龙门平移轴_Pos_43,25524,,,
PLC/龙门平移轴_Pos,龙门平移轴_Pos_44,25526,,,
PLC/龙门平移轴_Pos,龙门平移轴_Pos_45,25528,,,
PLC/龙门平移轴_Pos,龙门平移轴_Pos_46,25530,,,
PLC/龙门平移轴_Pos,龙门平移轴_Pos_47,25532,,,
PLC/龙门平移轴_Pos,龙门平移轴_Pos_48,25534,,,
PLC/龙门平移轴_Pos,龙门平移轴_Pos_49,25536,,,
PLC/龙门平移轴_Pos,龙门平移轴_Pos_50,25538,,,
PLC/龙门平移轴_Pos,龙门平移轴_Pos_51,25540,,,
PLC/龙门平移轴_Pos,龙门平移轴_Pos_52,25542,,,
PLC/龙门平移轴_Pos,龙门平移轴_Pos_53,25544,,,
PLC/龙门平移轴_Pos,龙门平移轴_Pos_54,25546,,,
PLC/龙门平移轴_Pos,龙门平移轴_Pos_55,25548,,,
PLC/龙门平移轴_Pos,龙门平移轴_Pos_56,25550,,,
PLC/龙门平移轴_Pos,龙门平移轴_Pos_57,25552,,,
PLC/龙门平移轴_Pos,龙门平移轴_Pos_58,25554,,,
PLC/龙门平移轴_Pos,龙门平移轴_Pos_59,25556,,,
PLC/龙门平移轴_Pos,龙门平移轴_Pos_60,25558,,,

PLC/龙门平移轴_Vel,龙门平移轴_Vel_1,25560,,,
PLC/龙门平移轴_Vel,龙门平移轴_Vel_2,25562,,,
PLC/龙门平移轴_Vel,龙门平移轴_Vel_3,25564,,,
PLC/龙门平移轴_Vel,龙门平移轴_Vel_4,25566,,,
PLC/龙门平移轴_Vel,龙门平移轴_Vel_5,25568,,,
PLC/龙门平移轴_Vel,龙门平移轴_Vel_6,25570,,,
PLC/龙门平移轴_Vel,龙门平移轴_Vel_7,25572,,,
PLC/龙门平移轴_Vel,龙门平移轴_Vel_8,25574,,,
PLC/龙门平移轴_Vel,龙门平移轴_Vel_9,25576,,,
PLC/龙门平移轴_Vel,龙门平移轴_Vel_10,25578,,,
PLC/龙门平移轴_Vel,龙门平移轴_Vel_11,25580,,,
PLC/龙门平移轴_Vel,龙门平移轴_Vel_12,25582,,,
PLC/龙门平移轴_Vel,龙门平移轴_Vel_13,25584,,,
PLC/龙门平移轴_Vel,龙门平移轴_Vel_14,25586,,,
PLC/龙门平移轴_Vel,龙门平移轴_Vel_15,25588,,,
PLC/龙门平移轴_Vel,龙门平移轴_Vel_16,25590,,,
PLC/龙门平移轴_Vel,龙门平移轴_Vel_17,25592,,,
PLC/龙门平移轴_Vel,龙门平移轴_Vel_18,25594,,,
PLC/龙门平移轴_Vel,龙门平移轴_Vel_19,25596,,,
PLC/龙门平移轴_Vel,龙门平移轴_Vel_20,25598,,,
PLC/龙门平移轴_Vel,龙门平移轴_Vel_21,25600,,,
PLC/龙门平移轴_Vel,龙门平移轴_Vel_22,25602,,,
PLC/龙门平移轴_Vel,龙门平移轴_Vel_23,25604,,,
PLC/龙门平移轴_Vel,龙门平移轴_Vel_24,25606,,,
PLC/龙门平移轴_Vel,龙门平移轴_Vel_25,25608,,,
PLC/龙门平移轴_Vel,龙门平移轴_Vel_26,25610,,,
PLC/龙门平移轴_Vel,龙门平移轴_Vel_27,25612,,,
PLC/龙门平移轴_Vel,龙门平移轴_Vel_28,25614,,,
PLC/龙门平移轴_Vel,龙门平移轴_Vel_29,25616,,,
PLC/龙门平移轴_Vel,龙门平移轴_Vel_30,25618,,,
PLC/龙门平移轴_Vel,龙门平移轴_Vel_31,25620,,,
PLC/龙门平移轴_Vel,龙门平移轴_Vel_32,25622,,,
PLC/龙门平移轴_Vel,龙门平移轴_Vel_33,25624,,,
PLC/龙门平移轴_Vel,龙门平移轴_Vel_34,25626,,,
PLC/龙门平移轴_Vel,龙门平移轴_Vel_35,25628,,,
PLC/龙门平移轴_Vel,龙门平移轴_Vel_36,25630,,,
PLC/龙门平移轴_Vel,龙门平移轴_Vel_37,25632,,,
PLC/龙门平移轴_Vel,龙门平移轴_Vel_38,25634,,,
PLC/龙门平移轴_Vel,龙门平移轴_Vel_39,25636,,,
PLC/龙门平移轴_Vel,龙门平移轴_Vel_40,25638,,,
PLC/龙门平移轴_Vel,龙门平移轴_Vel_41,25640,,,
PLC/龙门平移轴_Vel,龙门平移轴_Vel_42,25642,,,
PLC/龙门平移轴_Vel,龙门平移轴_Vel_43,25644,,,
PLC/龙门平移轴_Vel,龙门平移轴_Vel_44,25646,,,
PLC/龙门平移轴_Vel,龙门平移轴_Vel_45,25648,,,
PLC/龙门平移轴_Vel,龙门平移轴_Vel_46,25650,,,
PLC/龙门平移轴_Vel,龙门平移轴_Vel_47,25652,,,
PLC/龙门平移轴_Vel,龙门平移轴_Vel_48,25654,,,
PLC/龙门平移轴_Vel,龙门平移轴_Vel_49,25656,,,
PLC/龙门平移轴_Vel,龙门平移轴_Vel_50,25658,,,
PLC/龙门平移轴_Vel,龙门平移轴_Vel_51,25660,,,
PLC/龙门平移轴_Vel,龙门平移轴_Vel_52,25662,,,
PLC/龙门平移轴_Vel,龙门平移轴_Vel_53,25664,,,
PLC/龙门平移轴_Vel,龙门平移轴_Vel_54,25666,,,
PLC/龙门平移轴_Vel,龙门平移轴_Vel_55,25668,,,
PLC/龙门平移轴_Vel,龙门平移轴_Vel_56,25670,,,
PLC/龙门平移轴_Vel,龙门平移轴_Vel_57,25672,,,
PLC/龙门平移轴_Vel,龙门平移轴_Vel_58,25674,,,
PLC/龙门平移轴_Vel,龙门平移轴_Vel_59,25676,,,
PLC/龙门平移轴_Vel,龙门平移轴_Vel_60,25678,,,

PLC/相机Z轴_Pos,相机Z轴_Pos_1,25680,,,
PLC/相机Z轴_Pos,相机Z轴_Pos_2,25682,,,
PLC/相机Z轴_Pos,相机Z轴_Pos_3,25684,,,
PLC/相机Z轴_Pos,相机Z轴_Pos_4,25686,,,
PLC/相机Z轴_Pos,相机Z轴_Pos_5,25688,,,
PLC/相机Z轴_Pos,相机Z轴_Pos_6,25690,,,
PLC/相机Z轴_Pos,相机Z轴_Pos_7,25692,,,
PLC/相机Z轴_Pos,相机Z轴_Pos_8,25694,,,
PLC/相机Z轴_Pos,相机Z轴_Pos_9,25696,,,
PLC/相机Z轴_Pos,相机Z轴_Pos_10,25698,,,
PLC/相机Z轴_Pos,相机Z轴_Pos_11,25700,,,
PLC/相机Z轴_Pos,相机Z轴_Pos_12,25702,,,
PLC/相机Z轴_Pos,相机Z轴_Pos_13,25704,,,
PLC/相机Z轴_Pos,相机Z轴_Pos_14,25706,,,
PLC/相机Z轴_Pos,相机Z轴_Pos_15,25708,,,
PLC/相机Z轴_Pos,相机Z轴_Pos_16,25710,,,
PLC/相机Z轴_Pos,相机Z轴_Pos_17,25712,,,
PLC/相机Z轴_Pos,相机Z轴_Pos_18,25714,,,
PLC/相机Z轴_Pos,相机Z轴_Pos_19,25716,,,
PLC/相机Z轴_Pos,相机Z轴_Pos_20,25718,,,
PLC/相机Z轴_Pos,相机Z轴_Pos_21,25720,,,
PLC/相机Z轴_Pos,相机Z轴_Pos_22,25722,,,
PLC/相机Z轴_Pos,相机Z轴_Pos_23,25724,,,
PLC/相机Z轴_Pos,相机Z轴_Pos_24,25726,,,
PLC/相机Z轴_Pos,相机Z轴_Pos_25,25728,,,
PLC/相机Z轴_Pos,相机Z轴_Pos_26,25730,,,
PLC/相机Z轴_Pos,相机Z轴_Pos_27,25732,,,
PLC/相机Z轴_Pos,相机Z轴_Pos_28,25734,,,
PLC/相机Z轴_Pos,相机Z轴_Pos_29,25736,,,
PLC/相机Z轴_Pos,相机Z轴_Pos_30,25738,,,
PLC/相机Z轴_Pos,相机Z轴_Pos_31,25740,,,
PLC/相机Z轴_Pos,相机Z轴_Pos_32,25742,,,
PLC/相机Z轴_Pos,相机Z轴_Pos_33,25744,,,
PLC/相机Z轴_Pos,相机Z轴_Pos_34,25746,,,
PLC/相机Z轴_Pos,相机Z轴_Pos_35,25748,,,
PLC/相机Z轴_Pos,相机Z轴_Pos_36,25750,,,
PLC/相机Z轴_Pos,相机Z轴_Pos_37,25752,,,
PLC/相机Z轴_Pos,相机Z轴_Pos_38,25754,,,
PLC/相机Z轴_Pos,相机Z轴_Pos_39,25756,,,
PLC/相机Z轴_Pos,相机Z轴_Pos_40,25758,,,
PLC/相机Z轴_Pos,相机Z轴_Pos_41,25760,,,
PLC/相机Z轴_Pos,相机Z轴_Pos_42,25762,,,
PLC/相机Z轴_Pos,相机Z轴_Pos_43,25764,,,
PLC/相机Z轴_Pos,相机Z轴_Pos_44,25766,,,
PLC/相机Z轴_Pos,相机Z轴_Pos_45,25768,,,
PLC/相机Z轴_Pos,相机Z轴_Pos_46,25770,,,
PLC/相机Z轴_Pos,相机Z轴_Pos_47,25772,,,
PLC/相机Z轴_Pos,相机Z轴_Pos_48,25774,,,
PLC/相机Z轴_Pos,相机Z轴_Pos_49,25776,,,
PLC/相机Z轴_Pos,相机Z轴_Pos_50,25778,,,
PLC/相机Z轴_Pos,相机Z轴_Pos_51,25780,,,
PLC/相机Z轴_Pos,相机Z轴_Pos_52,25782,,,
PLC/相机Z轴_Pos,相机Z轴_Pos_53,25784,,,
PLC/相机Z轴_Pos,相机Z轴_Pos_54,25786,,,
PLC/相机Z轴_Pos,相机Z轴_Pos_55,25788,,,
PLC/相机Z轴_Pos,相机Z轴_Pos_56,25790,,,
PLC/相机Z轴_Pos,相机Z轴_Pos_57,25792,,,
PLC/相机Z轴_Pos,相机Z轴_Pos_58,25794,,,
PLC/相机Z轴_Pos,相机Z轴_Pos_59,25796,,,
PLC/相机Z轴_Pos,相机Z轴_Pos_60,25798,,,

PLC/相机Z轴_Vel,相机Z轴_Vel_1,25800,,,
PLC/相机Z轴_Vel,相机Z轴_Vel_2,25802,,,
PLC/相机Z轴_Vel,相机Z轴_Vel_3,25804,,,
PLC/相机Z轴_Vel,相机Z轴_Vel_4,25806,,,
PLC/相机Z轴_Vel,相机Z轴_Vel_5,25808,,,
PLC/相机Z轴_Vel,相机Z轴_Vel_6,25810,,,
PLC/相机Z轴_Vel,相机Z轴_Vel_7,25812,,,
PLC/相机Z轴_Vel,相机Z轴_Vel_8,25814,,,
PLC/相机Z轴_Vel,相机Z轴_Vel_9,25816,,,
PLC/相机Z轴_Vel,相机Z轴_Vel_10,25818,,,
PLC/相机Z轴_Vel,相机Z轴_Vel_11,25820,,,
PLC/相机Z轴_Vel,相机Z轴_Vel_12,25822,,,
PLC/相机Z轴_Vel,相机Z轴_Vel_13,25824,,,
PLC/相机Z轴_Vel,相机Z轴_Vel_14,25826,,,
PLC/相机Z轴_Vel,相机Z轴_Vel_15,25828,,,
PLC/相机Z轴_Vel,相机Z轴_Vel_16,25830,,,
PLC/相机Z轴_Vel,相机Z轴_Vel_17,25832,,,
PLC/相机Z轴_Vel,相机Z轴_Vel_18,25834,,,
PLC/相机Z轴_Vel,相机Z轴_Vel_19,25836,,,
PLC/相机Z轴_Vel,相机Z轴_Vel_20,25838,,,
PLC/相机Z轴_Vel,相机Z轴_Vel_21,25840,,,
PLC/相机Z轴_Vel,相机Z轴_Vel_22,25842,,,
PLC/相机Z轴_Vel,相机Z轴_Vel_23,25844,,,
PLC/相机Z轴_Vel,相机Z轴_Vel_24,25846,,,
PLC/相机Z轴_Vel,相机Z轴_Vel_25,25848,,,
PLC/相机Z轴_Vel,相机Z轴_Vel_26,25850,,,
PLC/相机Z轴_Vel,相机Z轴_Vel_27,25852,,,
PLC/相机Z轴_Vel,相机Z轴_Vel_28,25854,,,
PLC/相机Z轴_Vel,相机Z轴_Vel_29,25856,,,
PLC/相机Z轴_Vel,相机Z轴_Vel_30,25858,,,
PLC/相机Z轴_Vel,相机Z轴_Vel_31,25860,,,
PLC/相机Z轴_Vel,相机Z轴_Vel_32,25862,,,
PLC/相机Z轴_Vel,相机Z轴_Vel_33,25864,,,
PLC/相机Z轴_Vel,相机Z轴_Vel_34,25866,,,
PLC/相机Z轴_Vel,相机Z轴_Vel_35,25868,,,
PLC/相机Z轴_Vel,相机Z轴_Vel_36,25870,,,
PLC/相机Z轴_Vel,相机Z轴_Vel_37,25872,,,
PLC/相机Z轴_Vel,相机Z轴_Vel_38,25874,,,
PLC/相机Z轴_Vel,相机Z轴_Vel_39,25876,,,
PLC/相机Z轴_Vel,相机Z轴_Vel_40,25878,,,
PLC/相机Z轴_Vel,相机Z轴_Vel_41,25880,,,
PLC/相机Z轴_Vel,相机Z轴_Vel_42,25882,,,
PLC/相机Z轴_Vel,相机Z轴_Vel_43,25884,,,
PLC/相机Z轴_Vel,相机Z轴_Vel_44,25886,,,
PLC/相机Z轴_Vel,相机Z轴_Vel_45,25888,,,
PLC/相机Z轴_Vel,相机Z轴_Vel_46,25890,,,
PLC/相机Z轴_Vel,相机Z轴_Vel_47,25892,,,
PLC/相机Z轴_Vel,相机Z轴_Vel_48,25894,,,
PLC/相机Z轴_Vel,相机Z轴_Vel_49,25896,,,
PLC/相机Z轴_Vel,相机Z轴_Vel_50,25898,,,
PLC/相机Z轴_Vel,相机Z轴_Vel_51,25900,,,
PLC/相机Z轴_Vel,相机Z轴_Vel_52,25902,,,
PLC/相机Z轴_Vel,相机Z轴_Vel_53,25904,,,
PLC/相机Z轴_Vel,相机Z轴_Vel_54,25906,,,
PLC/相机Z轴_Vel,相机Z轴_Vel_55,25908,,,
PLC/相机Z轴_Vel,相机Z轴_Vel_56,25910,,,
PLC/相机Z轴_Vel,相机Z轴_Vel_57,25912,,,
PLC/相机Z轴_Vel,相机Z轴_Vel_58,25914,,,
PLC/相机Z轴_Vel,相机Z轴_Vel_59,25916,,,
PLC/相机Z轴_Vel,相机Z轴_Vel_60,25918,,,

PLC/取料1_Z轴1_Pos,取料1_Z轴1_Pos_1,25920,,,
PLC/取料1_Z轴1_Pos,取料1_Z轴1_Pos_2,25922,,,
PLC/取料1_Z轴1_Pos,取料1_Z轴1_Pos_3,25924,,,
PLC/取料1_Z轴1_Pos,取料1_Z轴1_Pos_4,25926,,,
PLC/取料1_Z轴1_Pos,取料1_Z轴1_Pos_5,25928,,,
PLC/取料1_Z轴1_Pos,取料1_Z轴1_Pos_6,25930,,,
PLC/取料1_Z轴1_Pos,取料1_Z轴1_Pos_7,25932,,,
PLC/取料1_Z轴1_Pos,取料1_Z轴1_Pos_8,25934,,,
PLC/取料1_Z轴1_Pos,取料1_Z轴1_Pos_9,25936,,,
PLC/取料1_Z轴1_Pos,取料1_Z轴1_Pos_10,25938,,,
PLC/取料1_Z轴1_Pos,取料1_Z轴1_Pos_11,25940,,,
PLC/取料1_Z轴1_Pos,取料1_Z轴1_Pos_12,25942,,,
PLC/取料1_Z轴1_Pos,取料1_Z轴1_Pos_13,25944,,,
PLC/取料1_Z轴1_Pos,取料1_Z轴1_Pos_14,25946,,,
PLC/取料1_Z轴1_Pos,取料1_Z轴1_Pos_15,25948,,,
PLC/取料1_Z轴1_Pos,取料1_Z轴1_Pos_16,25950,,,
PLC/取料1_Z轴1_Pos,取料1_Z轴1_Pos_17,25952,,,
PLC/取料1_Z轴1_Pos,取料1_Z轴1_Pos_18,25954,,,
PLC/取料1_Z轴1_Pos,取料1_Z轴1_Pos_19,25956,,,
PLC/取料1_Z轴1_Pos,取料1_Z轴1_Pos_20,25958,,,
PLC/取料1_Z轴1_Pos,取料1_Z轴1_Pos_21,25960,,,
PLC/取料1_Z轴1_Pos,取料1_Z轴1_Pos_22,25962,,,
PLC/取料1_Z轴1_Pos,取料1_Z轴1_Pos_23,25964,,,
PLC/取料1_Z轴1_Pos,取料1_Z轴1_Pos_24,25966,,,
PLC/取料1_Z轴1_Pos,取料1_Z轴1_Pos_25,25968,,,
PLC/取料1_Z轴1_Pos,取料1_Z轴1_Pos_26,25970,,,
PLC/取料1_Z轴1_Pos,取料1_Z轴1_Pos_27,25972,,,
PLC/取料1_Z轴1_Pos,取料1_Z轴1_Pos_28,25974,,,
PLC/取料1_Z轴1_Pos,取料1_Z轴1_Pos_29,25976,,,
PLC/取料1_Z轴1_Pos,取料1_Z轴1_Pos_30,25978,,,
PLC/取料1_Z轴1_Pos,取料1_Z轴1_Pos_31,25980,,,
PLC/取料1_Z轴1_Pos,取料1_Z轴1_Pos_32,25982,,,
PLC/取料1_Z轴1_Pos,取料1_Z轴1_Pos_33,25984,,,
PLC/取料1_Z轴1_Pos,取料1_Z轴1_Pos_34,25986,,,
PLC/取料1_Z轴1_Pos,取料1_Z轴1_Pos_35,25988,,,
PLC/取料1_Z轴1_Pos,取料1_Z轴1_Pos_36,25990,,,
PLC/取料1_Z轴1_Pos,取料1_Z轴1_Pos_37,25992,,,
PLC/取料1_Z轴1_Pos,取料1_Z轴1_Pos_38,25994,,,
PLC/取料1_Z轴1_Pos,取料1_Z轴1_Pos_39,25996,,,
PLC/取料1_Z轴1_Pos,取料1_Z轴1_Pos_40,25998,,,
PLC/取料1_Z轴1_Pos,取料1_Z轴1_Pos_41,26000,,,
PLC/取料1_Z轴1_Pos,取料1_Z轴1_Pos_42,26002,,,
PLC/取料1_Z轴1_Pos,取料1_Z轴1_Pos_43,26004,,,
PLC/取料1_Z轴1_Pos,取料1_Z轴1_Pos_44,26006,,,
PLC/取料1_Z轴1_Pos,取料1_Z轴1_Pos_45,26008,,,
PLC/取料1_Z轴1_Pos,取料1_Z轴1_Pos_46,26010,,,
PLC/取料1_Z轴1_Pos,取料1_Z轴1_Pos_47,26012,,,
PLC/取料1_Z轴1_Pos,取料1_Z轴1_Pos_48,26014,,,
PLC/取料1_Z轴1_Pos,取料1_Z轴1_Pos_49,26016,,,
PLC/取料1_Z轴1_Pos,取料1_Z轴1_Pos_50,26018,,,
PLC/取料1_Z轴1_Pos,取料1_Z轴1_Pos_51,26020,,,
PLC/取料1_Z轴1_Pos,取料1_Z轴1_Pos_52,26022,,,
PLC/取料1_Z轴1_Pos,取料1_Z轴1_Pos_53,26024,,,
PLC/取料1_Z轴1_Pos,取料1_Z轴1_Pos_54,26026,,,
PLC/取料1_Z轴1_Pos,取料1_Z轴1_Pos_55,26028,,,
PLC/取料1_Z轴1_Pos,取料1_Z轴1_Pos_56,26030,,,
PLC/取料1_Z轴1_Pos,取料1_Z轴1_Pos_57,26032,,,
PLC/取料1_Z轴1_Pos,取料1_Z轴1_Pos_58,26034,,,
PLC/取料1_Z轴1_Pos,取料1_Z轴1_Pos_59,26036,,,
PLC/取料1_Z轴1_Pos,取料1_Z轴1_Pos_60,26038,,,

PLC/取料1_Z轴1_Vel,取料1_Z轴1_Vel_1,26040,,,
PLC/取料1_Z轴1_Vel,取料1_Z轴1_Vel_2,26042,,,
PLC/取料1_Z轴1_Vel,取料1_Z轴1_Vel_3,26044,,,
PLC/取料1_Z轴1_Vel,取料1_Z轴1_Vel_4,26046,,,
PLC/取料1_Z轴1_Vel,取料1_Z轴1_Vel_5,26048,,,
PLC/取料1_Z轴1_Vel,取料1_Z轴1_Vel_6,26050,,,
PLC/取料1_Z轴1_Vel,取料1_Z轴1_Vel_7,26052,,,
PLC/取料1_Z轴1_Vel,取料1_Z轴1_Vel_8,26054,,,
PLC/取料1_Z轴1_Vel,取料1_Z轴1_Vel_9,26056,,,
PLC/取料1_Z轴1_Vel,取料1_Z轴1_Vel_10,26058,,,
PLC/取料1_Z轴1_Vel,取料1_Z轴1_Vel_11,26060,,,
PLC/取料1_Z轴1_Vel,取料1_Z轴1_Vel_12,26062,,,
PLC/取料1_Z轴1_Vel,取料1_Z轴1_Vel_13,26064,,,
PLC/取料1_Z轴1_Vel,取料1_Z轴1_Vel_14,26066,,,
PLC/取料1_Z轴1_Vel,取料1_Z轴1_Vel_15,26068,,,
PLC/取料1_Z轴1_Vel,取料1_Z轴1_Vel_16,26070,,,
PLC/取料1_Z轴1_Vel,取料1_Z轴1_Vel_17,26072,,,
PLC/取料1_Z轴1_Vel,取料1_Z轴1_Vel_18,26074,,,
PLC/取料1_Z轴1_Vel,取料1_Z轴1_Vel_19,26076,,,
PLC/取料1_Z轴1_Vel,取料1_Z轴1_Vel_20,26078,,,
PLC/取料1_Z轴1_Vel,取料1_Z轴1_Vel_21,26080,,,
PLC/取料1_Z轴1_Vel,取料1_Z轴1_Vel_22,26082,,,
PLC/取料1_Z轴1_Vel,取料1_Z轴1_Vel_23,26084,,,
PLC/取料1_Z轴1_Vel,取料1_Z轴1_Vel_24,26086,,,
PLC/取料1_Z轴1_Vel,取料1_Z轴1_Vel_25,26088,,,
PLC/取料1_Z轴1_Vel,取料1_Z轴1_Vel_26,26090,,,
PLC/取料1_Z轴1_Vel,取料1_Z轴1_Vel_27,26092,,,
PLC/取料1_Z轴1_Vel,取料1_Z轴1_Vel_28,26094,,,
PLC/取料1_Z轴1_Vel,取料1_Z轴1_Vel_29,26096,,,
PLC/取料1_Z轴1_Vel,取料1_Z轴1_Vel_30,26098,,,
PLC/取料1_Z轴1_Vel,取料1_Z轴1_Vel_31,26100,,,
PLC/取料1_Z轴1_Vel,取料1_Z轴1_Vel_32,26102,,,
PLC/取料1_Z轴1_Vel,取料1_Z轴1_Vel_33,26104,,,
PLC/取料1_Z轴1_Vel,取料1_Z轴1_Vel_34,26106,,,
PLC/取料1_Z轴1_Vel,取料1_Z轴1_Vel_35,26108,,,
PLC/取料1_Z轴1_Vel,取料1_Z轴1_Vel_36,26110,,,
PLC/取料1_Z轴1_Vel,取料1_Z轴1_Vel_37,26112,,,
PLC/取料1_Z轴1_Vel,取料1_Z轴1_Vel_38,26114,,,
PLC/取料1_Z轴1_Vel,取料1_Z轴1_Vel_39,26116,,,
PLC/取料1_Z轴1_Vel,取料1_Z轴1_Vel_40,26118,,,
PLC/取料1_Z轴1_Vel,取料1_Z轴1_Vel_41,26120,,,
PLC/取料1_Z轴1_Vel,取料1_Z轴1_Vel_42,26122,,,
PLC/取料1_Z轴1_Vel,取料1_Z轴1_Vel_43,26124,,,
PLC/取料1_Z轴1_Vel,取料1_Z轴1_Vel_44,26126,,,
PLC/取料1_Z轴1_Vel,取料1_Z轴1_Vel_45,26128,,,
PLC/取料1_Z轴1_Vel,取料1_Z轴1_Vel_46,26130,,,
PLC/取料1_Z轴1_Vel,取料1_Z轴1_Vel_47,26132,,,
PLC/取料1_Z轴1_Vel,取料1_Z轴1_Vel_48,26134,,,
PLC/取料1_Z轴1_Vel,取料1_Z轴1_Vel_49,26136,,,
PLC/取料1_Z轴1_Vel,取料1_Z轴1_Vel_50,26138,,,
PLC/取料1_Z轴1_Vel,取料1_Z轴1_Vel_51,26140,,,
PLC/取料1_Z轴1_Vel,取料1_Z轴1_Vel_52,26142,,,
PLC/取料1_Z轴1_Vel,取料1_Z轴1_Vel_53,26144,,,
PLC/取料1_Z轴1_Vel,取料1_Z轴1_Vel_54,26146,,,
PLC/取料1_Z轴1_Vel,取料1_Z轴1_Vel_55,26148,,,
PLC/取料1_Z轴1_Vel,取料1_Z轴1_Vel_56,26150,,,
PLC/取料1_Z轴1_Vel,取料1_Z轴1_Vel_57,26152,,,
PLC/取料1_Z轴1_Vel,取料1_Z轴1_Vel_58,26154,,,
PLC/取料1_Z轴1_Vel,取料1_Z轴1_Vel_59,26156,,,
PLC/取料1_Z轴1_Vel,取料1_Z轴1_Vel_60,26158,,,

PLC/取料1_R轴1_Pos,取料1_R轴1_Pos_1,26160,,,
PLC/取料1_R轴1_Pos,取料1_R轴1_Pos_2,26162,,,
PLC/取料1_R轴1_Pos,取料1_R轴1_Pos_3,26164,,,
PLC/取料1_R轴1_Pos,取料1_R轴1_Pos_4,26166,,,
PLC/取料1_R轴1_Pos,取料1_R轴1_Pos_5,26168,,,
PLC/取料1_R轴1_Pos,取料1_R轴1_Pos_6,26170,,,
PLC/取料1_R轴1_Pos,取料1_R轴1_Pos_7,26172,,,
PLC/取料1_R轴1_Pos,取料1_R轴1_Pos_8,26174,,,
PLC/取料1_R轴1_Pos,取料1_R轴1_Pos_9,26176,,,
PLC/取料1_R轴1_Pos,取料1_R轴1_Pos_10,26178,,,
PLC/取料1_R轴1_Pos,取料1_R轴1_Pos_11,26180,,,
PLC/取料1_R轴1_Pos,取料1_R轴1_Pos_12,26182,,,
PLC/取料1_R轴1_Pos,取料1_R轴1_Pos_13,26184,,,
PLC/取料1_R轴1_Pos,取料1_R轴1_Pos_14,26186,,,
PLC/取料1_R轴1_Pos,取料1_R轴1_Pos_15,26188,,,
PLC/取料1_R轴1_Pos,取料1_R轴1_Pos_16,26190,,,
PLC/取料1_R轴1_Pos,取料1_R轴1_Pos_17,26192,,,
PLC/取料1_R轴1_Pos,取料1_R轴1_Pos_18,26194,,,
PLC/取料1_R轴1_Pos,取料1_R轴1_Pos_19,26196,,,
PLC/取料1_R轴1_Pos,取料1_R轴1_Pos_20,26198,,,
PLC/取料1_R轴1_Pos,取料1_R轴1_Pos_21,26200,,,
PLC/取料1_R轴1_Pos,取料1_R轴1_Pos_22,26202,,,
PLC/取料1_R轴1_Pos,取料1_R轴1_Pos_23,26204,,,
PLC/取料1_R轴1_Pos,取料1_R轴1_Pos_24,26206,,,
PLC/取料1_R轴1_Pos,取料1_R轴1_Pos_25,26208,,,
PLC/取料1_R轴1_Pos,取料1_R轴1_Pos_26,26210,,,
PLC/取料1_R轴1_Pos,取料1_R轴1_Pos_27,26212,,,
PLC/取料1_R轴1_Pos,取料1_R轴1_Pos_28,26214,,,
PLC/取料1_R轴1_Pos,取料1_R轴1_Pos_29,26216,,,
PLC/取料1_R轴1_Pos,取料1_R轴1_Pos_30,26218,,,
PLC/取料1_R轴1_Pos,取料1_R轴1_Pos_31,26220,,,
PLC/取料1_R轴1_Pos,取料1_R轴1_Pos_32,26222,,,
PLC/取料1_R轴1_Pos,取料1_R轴1_Pos_33,26224,,,
PLC/取料1_R轴1_Pos,取料1_R轴1_Pos_34,26226,,,
PLC/取料1_R轴1_Pos,取料1_R轴1_Pos_35,26228,,,
PLC/取料1_R轴1_Pos,取料1_R轴1_Pos_36,26230,,,
PLC/取料1_R轴1_Pos,取料1_R轴1_Pos_37,26232,,,
PLC/取料1_R轴1_Pos,取料1_R轴1_Pos_38,26234,,,
PLC/取料1_R轴1_Pos,取料1_R轴1_Pos_39,26236,,,
PLC/取料1_R轴1_Pos,取料1_R轴1_Pos_40,26238,,,
PLC/取料1_R轴1_Pos,取料1_R轴1_Pos_41,26240,,,
PLC/取料1_R轴1_Pos,取料1_R轴1_Pos_42,26242,,,
PLC/取料1_R轴1_Pos,取料1_R轴1_Pos_43,26244,,,
PLC/取料1_R轴1_Pos,取料1_R轴1_Pos_44,26246,,,
PLC/取料1_R轴1_Pos,取料1_R轴1_Pos_45,26248,,,
PLC/取料1_R轴1_Pos,取料1_R轴1_Pos_46,26250,,,
PLC/取料1_R轴1_Pos,取料1_R轴1_Pos_47,26252,,,
PLC/取料1_R轴1_Pos,取料1_R轴1_Pos_48,26254,,,
PLC/取料1_R轴1_Pos,取料1_R轴1_Pos_49,26256,,,
PLC/取料1_R轴1_Pos,取料1_R轴1_Pos_50,26258,,,
PLC/取料1_R轴1_Pos,取料1_R轴1_Pos_51,26260,,,
PLC/取料1_R轴1_Pos,取料1_R轴1_Pos_52,26262,,,
PLC/取料1_R轴1_Pos,取料1_R轴1_Pos_53,26264,,,
PLC/取料1_R轴1_Pos,取料1_R轴1_Pos_54,26266,,,
PLC/取料1_R轴1_Pos,取料1_R轴1_Pos_55,26268,,,
PLC/取料1_R轴1_Pos,取料1_R轴1_Pos_56,26270,,,
PLC/取料1_R轴1_Pos,取料1_R轴1_Pos_57,26272,,,
PLC/取料1_R轴1_Pos,取料1_R轴1_Pos_58,26274,,,
PLC/取料1_R轴1_Pos,取料1_R轴1_Pos_59,26276,,,
PLC/取料1_R轴1_Pos,取料1_R轴1_Pos_60,26278,,,

PLC/取料1_R轴1_Vel,取料1_R轴1_Vel_1,26280,,,
PLC/取料1_R轴1_Vel,取料1_R轴1_Vel_2,26282,,,
PLC/取料1_R轴1_Vel,取料1_R轴1_Vel_3,26284,,,
PLC/取料1_R轴1_Vel,取料1_R轴1_Vel_4,26286,,,
PLC/取料1_R轴1_Vel,取料1_R轴1_Vel_5,26288,,,
PLC/取料1_R轴1_Vel,取料1_R轴1_Vel_6,26290,,,
PLC/取料1_R轴1_Vel,取料1_R轴1_Vel_7,26292,,,
PLC/取料1_R轴1_Vel,取料1_R轴1_Vel_8,26294,,,
PLC/取料1_R轴1_Vel,取料1_R轴1_Vel_9,26296,,,
PLC/取料1_R轴1_Vel,取料1_R轴1_Vel_10,26298,,,
PLC/取料1_R轴1_Vel,取料1_R轴1_Vel_11,26300,,,
PLC/取料1_R轴1_Vel,取料1_R轴1_Vel_12,26302,,,
PLC/取料1_R轴1_Vel,取料1_R轴1_Vel_13,26304,,,
PLC/取料1_R轴1_Vel,取料1_R轴1_Vel_14,26306,,,
PLC/取料1_R轴1_Vel,取料1_R轴1_Vel_15,26308,,,
PLC/取料1_R轴1_Vel,取料1_R轴1_Vel_16,26310,,,
PLC/取料1_R轴1_Vel,取料1_R轴1_Vel_17,26312,,,
PLC/取料1_R轴1_Vel,取料1_R轴1_Vel_18,26314,,,
PLC/取料1_R轴1_Vel,取料1_R轴1_Vel_19,26316,,,
PLC/取料1_R轴1_Vel,取料1_R轴1_Vel_20,26318,,,
PLC/取料1_R轴1_Vel,取料1_R轴1_Vel_21,26320,,,
PLC/取料1_R轴1_Vel,取料1_R轴1_Vel_22,26322,,,
PLC/取料1_R轴1_Vel,取料1_R轴1_Vel_23,26324,,,
PLC/取料1_R轴1_Vel,取料1_R轴1_Vel_24,26326,,,
PLC/取料1_R轴1_Vel,取料1_R轴1_Vel_25,26328,,,
PLC/取料1_R轴1_Vel,取料1_R轴1_Vel_26,26330,,,
PLC/取料1_R轴1_Vel,取料1_R轴1_Vel_27,26332,,,
PLC/取料1_R轴1_Vel,取料1_R轴1_Vel_28,26334,,,
PLC/取料1_R轴1_Vel,取料1_R轴1_Vel_29,26336,,,
PLC/取料1_R轴1_Vel,取料1_R轴1_Vel_30,26338,,,
PLC/取料1_R轴1_Vel,取料1_R轴1_Vel_31,26340,,,
PLC/取料1_R轴1_Vel,取料1_R轴1_Vel_32,26342,,,
PLC/取料1_R轴1_Vel,取料1_R轴1_Vel_33,26344,,,
PLC/取料1_R轴1_Vel,取料1_R轴1_Vel_34,26346,,,
PLC/取料1_R轴1_Vel,取料1_R轴1_Vel_35,26348,,,
PLC/取料1_R轴1_Vel,取料1_R轴1_Vel_36,26350,,,
PLC/取料1_R轴1_Vel,取料1_R轴1_Vel_37,26352,,,
PLC/取料1_R轴1_Vel,取料1_R轴1_Vel_38,26354,,,
PLC/取料1_R轴1_Vel,取料1_R轴1_Vel_39,26356,,,
PLC/取料1_R轴1_Vel,取料1_R轴1_Vel_40,26358,,,
PLC/取料1_R轴1_Vel,取料1_R轴1_Vel_41,26360,,,
PLC/取料1_R轴1_Vel,取料1_R轴1_Vel_42,26362,,,
PLC/取料1_R轴1_Vel,取料1_R轴1_Vel_43,26364,,,
PLC/取料1_R轴1_Vel,取料1_R轴1_Vel_44,26366,,,
PLC/取料1_R轴1_Vel,取料1_R轴1_Vel_45,26368,,,
PLC/取料1_R轴1_Vel,取料1_R轴1_Vel_46,26370,,,
PLC/取料1_R轴1_Vel,取料1_R轴1_Vel_47,26372,,,
PLC/取料1_R轴1_Vel,取料1_R轴1_Vel_48,26374,,,
PLC/取料1_R轴1_Vel,取料1_R轴1_Vel_49,26376,,,
PLC/取料1_R轴1_Vel,取料1_R轴1_Vel_50,26378,,,
PLC/取料1_R轴1_Vel,取料1_R轴1_Vel_51,26380,,,
PLC/取料1_R轴1_Vel,取料1_R轴1_Vel_52,26382,,,
PLC/取料1_R轴1_Vel,取料1_R轴1_Vel_53,26384,,,
PLC/取料1_R轴1_Vel,取料1_R轴1_Vel_54,26386,,,
PLC/取料1_R轴1_Vel,取料1_R轴1_Vel_55,26388,,,
PLC/取料1_R轴1_Vel,取料1_R轴1_Vel_56,26390,,,
PLC/取料1_R轴1_Vel,取料1_R轴1_Vel_57,26392,,,
PLC/取料1_R轴1_Vel,取料1_R轴1_Vel_58,26394,,,
PLC/取料1_R轴1_Vel,取料1_R轴1_Vel_59,26396,,,
PLC/取料1_R轴1_Vel,取料1_R轴1_Vel_60,26398,,,

PLC/取料1_Z轴2_Pos,取料1_Z轴2_Pos_1,26400,,,
PLC/取料1_Z轴2_Pos,取料1_Z轴2_Pos_2,26402,,,
PLC/取料1_Z轴2_Pos,取料1_Z轴2_Pos_3,26404,,,
PLC/取料1_Z轴2_Pos,取料1_Z轴2_Pos_4,26406,,,
PLC/取料1_Z轴2_Pos,取料1_Z轴2_Pos_5,26408,,,
PLC/取料1_Z轴2_Pos,取料1_Z轴2_Pos_6,26410,,,
PLC/取料1_Z轴2_Pos,取料1_Z轴2_Pos_7,26412,,,
PLC/取料1_Z轴2_Pos,取料1_Z轴2_Pos_8,26414,,,
PLC/取料1_Z轴2_Pos,取料1_Z轴2_Pos_9,26416,,,
PLC/取料1_Z轴2_Pos,取料1_Z轴2_Pos_10,26418,,,
PLC/取料1_Z轴2_Pos,取料1_Z轴2_Pos_11,26420,,,
PLC/取料1_Z轴2_Pos,取料1_Z轴2_Pos_12,26422,,,
PLC/取料1_Z轴2_Pos,取料1_Z轴2_Pos_13,26424,,,
PLC/取料1_Z轴2_Pos,取料1_Z轴2_Pos_14,26426,,,
PLC/取料1_Z轴2_Pos,取料1_Z轴2_Pos_15,26428,,,
PLC/取料1_Z轴2_Pos,取料1_Z轴2_Pos_16,26430,,,
PLC/取料1_Z轴2_Pos,取料1_Z轴2_Pos_17,26432,,,
PLC/取料1_Z轴2_Pos,取料1_Z轴2_Pos_18,26434,,,
PLC/取料1_Z轴2_Pos,取料1_Z轴2_Pos_19,26436,,,
PLC/取料1_Z轴2_Pos,取料1_Z轴2_Pos_20,26438,,,
PLC/取料1_Z轴2_Pos,取料1_Z轴2_Pos_21,26440,,,
PLC/取料1_Z轴2_Pos,取料1_Z轴2_Pos_22,26442,,,
PLC/取料1_Z轴2_Pos,取料1_Z轴2_Pos_23,26444,,,
PLC/取料1_Z轴2_Pos,取料1_Z轴2_Pos_24,26446,,,
PLC/取料1_Z轴2_Pos,取料1_Z轴2_Pos_25,26448,,,
PLC/取料1_Z轴2_Pos,取料1_Z轴2_Pos_26,26450,,,
PLC/取料1_Z轴2_Pos,取料1_Z轴2_Pos_27,26452,,,
PLC/取料1_Z轴2_Pos,取料1_Z轴2_Pos_28,26454,,,
PLC/取料1_Z轴2_Pos,取料1_Z轴2_Pos_29,26456,,,
PLC/取料1_Z轴2_Pos,取料1_Z轴2_Pos_30,26458,,,
PLC/取料1_Z轴2_Pos,取料1_Z轴2_Pos_31,26460,,,
PLC/取料1_Z轴2_Pos,取料1_Z轴2_Pos_32,26462,,,
PLC/取料1_Z轴2_Pos,取料1_Z轴2_Pos_33,26464,,,
PLC/取料1_Z轴2_Pos,取料1_Z轴2_Pos_34,26466,,,
PLC/取料1_Z轴2_Pos,取料1_Z轴2_Pos_35,26468,,,
PLC/取料1_Z轴2_Pos,取料1_Z轴2_Pos_36,26470,,,
PLC/取料1_Z轴2_Pos,取料1_Z轴2_Pos_37,26472,,,
PLC/取料1_Z轴2_Pos,取料1_Z轴2_Pos_38,26474,,,
PLC/取料1_Z轴2_Pos,取料1_Z轴2_Pos_39,26476,,,
PLC/取料1_Z轴2_Pos,取料1_Z轴2_Pos_40,26478,,,
PLC/取料1_Z轴2_Pos,取料1_Z轴2_Pos_41,26480,,,
PLC/取料1_Z轴2_Pos,取料1_Z轴2_Pos_42,26482,,,
PLC/取料1_Z轴2_Pos,取料1_Z轴2_Pos_43,26484,,,
PLC/取料1_Z轴2_Pos,取料1_Z轴2_Pos_44,26486,,,
PLC/取料1_Z轴2_Pos,取料1_Z轴2_Pos_45,26488,,,
PLC/取料1_Z轴2_Pos,取料1_Z轴2_Pos_46,26490,,,
PLC/取料1_Z轴2_Pos,取料1_Z轴2_Pos_47,26492,,,
PLC/取料1_Z轴2_Pos,取料1_Z轴2_Pos_48,26494,,,
PLC/取料1_Z轴2_Pos,取料1_Z轴2_Pos_49,26496,,,
PLC/取料1_Z轴2_Pos,取料1_Z轴2_Pos_50,26498,,,
PLC/取料1_Z轴2_Pos,取料1_Z轴2_Pos_51,26500,,,
PLC/取料1_Z轴2_Pos,取料1_Z轴2_Pos_52,26502,,,
PLC/取料1_Z轴2_Pos,取料1_Z轴2_Pos_53,26504,,,
PLC/取料1_Z轴2_Pos,取料1_Z轴2_Pos_54,26506,,,
PLC/取料1_Z轴2_Pos,取料1_Z轴2_Pos_55,26508,,,
PLC/取料1_Z轴2_Pos,取料1_Z轴2_Pos_56,26510,,,
PLC/取料1_Z轴2_Pos,取料1_Z轴2_Pos_57,26512,,,
PLC/取料1_Z轴2_Pos,取料1_Z轴2_Pos_58,26514,,,
PLC/取料1_Z轴2_Pos,取料1_Z轴2_Pos_59,26516,,,
PLC/取料1_Z轴2_Pos,取料1_Z轴2_Pos_60,26518,,,

PLC/取料1_Z轴2_Vel,取料1_Z轴2_Vel_1,26520,,,
PLC/取料1_Z轴2_Vel,取料1_Z轴2_Vel_2,26522,,,
PLC/取料1_Z轴2_Vel,取料1_Z轴2_Vel_3,26524,,,
PLC/取料1_Z轴2_Vel,取料1_Z轴2_Vel_4,26526,,,
PLC/取料1_Z轴2_Vel,取料1_Z轴2_Vel_5,26528,,,
PLC/取料1_Z轴2_Vel,取料1_Z轴2_Vel_6,26530,,,
PLC/取料1_Z轴2_Vel,取料1_Z轴2_Vel_7,26532,,,
PLC/取料1_Z轴2_Vel,取料1_Z轴2_Vel_8,26534,,,
PLC/取料1_Z轴2_Vel,取料1_Z轴2_Vel_9,26536,,,
PLC/取料1_Z轴2_Vel,取料1_Z轴2_Vel_10,26538,,,
PLC/取料1_Z轴2_Vel,取料1_Z轴2_Vel_11,26540,,,
PLC/取料1_Z轴2_Vel,取料1_Z轴2_Vel_12,26542,,,
PLC/取料1_Z轴2_Vel,取料1_Z轴2_Vel_13,26544,,,
PLC/取料1_Z轴2_Vel,取料1_Z轴2_Vel_14,26546,,,
PLC/取料1_Z轴2_Vel,取料1_Z轴2_Vel_15,26548,,,
PLC/取料1_Z轴2_Vel,取料1_Z轴2_Vel_16,26550,,,
PLC/取料1_Z轴2_Vel,取料1_Z轴2_Vel_17,26552,,,
PLC/取料1_Z轴2_Vel,取料1_Z轴2_Vel_18,26554,,,
PLC/取料1_Z轴2_Vel,取料1_Z轴2_Vel_19,26556,,,
PLC/取料1_Z轴2_Vel,取料1_Z轴2_Vel_20,26558,,,
PLC/取料1_Z轴2_Vel,取料1_Z轴2_Vel_21,26560,,,
PLC/取料1_Z轴2_Vel,取料1_Z轴2_Vel_22,26562,,,
PLC/取料1_Z轴2_Vel,取料1_Z轴2_Vel_23,26564,,,
PLC/取料1_Z轴2_Vel,取料1_Z轴2_Vel_24,26566,,,
PLC/取料1_Z轴2_Vel,取料1_Z轴2_Vel_25,26568,,,
PLC/取料1_Z轴2_Vel,取料1_Z轴2_Vel_26,26570,,,
PLC/取料1_Z轴2_Vel,取料1_Z轴2_Vel_27,26572,,,
PLC/取料1_Z轴2_Vel,取料1_Z轴2_Vel_28,26574,,,
PLC/取料1_Z轴2_Vel,取料1_Z轴2_Vel_29,26576,,,
PLC/取料1_Z轴2_Vel,取料1_Z轴2_Vel_30,26578,,,
PLC/取料1_Z轴2_Vel,取料1_Z轴2_Vel_31,26580,,,
PLC/取料1_Z轴2_Vel,取料1_Z轴2_Vel_32,26582,,,
PLC/取料1_Z轴2_Vel,取料1_Z轴2_Vel_33,26584,,,
PLC/取料1_Z轴2_Vel,取料1_Z轴2_Vel_34,26586,,,
PLC/取料1_Z轴2_Vel,取料1_Z轴2_Vel_35,26588,,,
PLC/取料1_Z轴2_Vel,取料1_Z轴2_Vel_36,26590,,,
PLC/取料1_Z轴2_Vel,取料1_Z轴2_Vel_37,26592,,,
PLC/取料1_Z轴2_Vel,取料1_Z轴2_Vel_38,26594,,,
PLC/取料1_Z轴2_Vel,取料1_Z轴2_Vel_39,26596,,,
PLC/取料1_Z轴2_Vel,取料1_Z轴2_Vel_40,26598,,,
PLC/取料1_Z轴2_Vel,取料1_Z轴2_Vel_41,26600,,,
PLC/取料1_Z轴2_Vel,取料1_Z轴2_Vel_42,26602,,,
PLC/取料1_Z轴2_Vel,取料1_Z轴2_Vel_43,26604,,,
PLC/取料1_Z轴2_Vel,取料1_Z轴2_Vel_44,26606,,,
PLC/取料1_Z轴2_Vel,取料1_Z轴2_Vel_45,26608,,,
PLC/取料1_Z轴2_Vel,取料1_Z轴2_Vel_46,26610,,,
PLC/取料1_Z轴2_Vel,取料1_Z轴2_Vel_47,26612,,,
PLC/取料1_Z轴2_Vel,取料1_Z轴2_Vel_48,26614,,,
PLC/取料1_Z轴2_Vel,取料1_Z轴2_Vel_49,26616,,,
PLC/取料1_Z轴2_Vel,取料1_Z轴2_Vel_50,26618,,,
PLC/取料1_Z轴2_Vel,取料1_Z轴2_Vel_51,26620,,,
PLC/取料1_Z轴2_Vel,取料1_Z轴2_Vel_52,26622,,,
PLC/取料1_Z轴2_Vel,取料1_Z轴2_Vel_53,26624,,,
PLC/取料1_Z轴2_Vel,取料1_Z轴2_Vel_54,26626,,,
PLC/取料1_Z轴2_Vel,取料1_Z轴2_Vel_55,26628,,,
PLC/取料1_Z轴2_Vel,取料1_Z轴2_Vel_56,26630,,,
PLC/取料1_Z轴2_Vel,取料1_Z轴2_Vel_57,26632,,,
PLC/取料1_Z轴2_Vel,取料1_Z轴2_Vel_58,26634,,,
PLC/取料1_Z轴2_Vel,取料1_Z轴2_Vel_59,26636,,,
PLC/取料1_Z轴2_Vel,取料1_Z轴2_Vel_60,26638,,,

PLC/取料1_R轴2_Pos,取料1_R轴2_Pos_1,26640,,,
PLC/取料1_R轴2_Pos,取料1_R轴2_Pos_2,26642,,,
PLC/取料1_R轴2_Pos,取料1_R轴2_Pos_3,26644,,,
PLC/取料1_R轴2_Pos,取料1_R轴2_Pos_4,26646,,,
PLC/取料1_R轴2_Pos,取料1_R轴2_Pos_5,26648,,,
PLC/取料1_R轴2_Pos,取料1_R轴2_Pos_6,26650,,,
PLC/取料1_R轴2_Pos,取料1_R轴2_Pos_7,26652,,,
PLC/取料1_R轴2_Pos,取料1_R轴2_Pos_8,26654,,,
PLC/取料1_R轴2_Pos,取料1_R轴2_Pos_9,26656,,,
PLC/取料1_R轴2_Pos,取料1_R轴2_Pos_10,26658,,,
PLC/取料1_R轴2_Pos,取料1_R轴2_Pos_11,26660,,,
PLC/取料1_R轴2_Pos,取料1_R轴2_Pos_12,26662,,,
PLC/取料1_R轴2_Pos,取料1_R轴2_Pos_13,26664,,,
PLC/取料1_R轴2_Pos,取料1_R轴2_Pos_14,26666,,,
PLC/取料1_R轴2_Pos,取料1_R轴2_Pos_15,26668,,,
PLC/取料1_R轴2_Pos,取料1_R轴2_Pos_16,26670,,,
PLC/取料1_R轴2_Pos,取料1_R轴2_Pos_17,26672,,,
PLC/取料1_R轴2_Pos,取料1_R轴2_Pos_18,26674,,,
PLC/取料1_R轴2_Pos,取料1_R轴2_Pos_19,26676,,,
PLC/取料1_R轴2_Pos,取料1_R轴2_Pos_20,26678,,,
PLC/取料1_R轴2_Pos,取料1_R轴2_Pos_21,26680,,,
PLC/取料1_R轴2_Pos,取料1_R轴2_Pos_22,26682,,,
PLC/取料1_R轴2_Pos,取料1_R轴2_Pos_23,26684,,,
PLC/取料1_R轴2_Pos,取料1_R轴2_Pos_24,26686,,,
PLC/取料1_R轴2_Pos,取料1_R轴2_Pos_25,26688,,,
PLC/取料1_R轴2_Pos,取料1_R轴2_Pos_26,26690,,,
PLC/取料1_R轴2_Pos,取料1_R轴2_Pos_27,26692,,,
PLC/取料1_R轴2_Pos,取料1_R轴2_Pos_28,26694,,,
PLC/取料1_R轴2_Pos,取料1_R轴2_Pos_29,26696,,,
PLC/取料1_R轴2_Pos,取料1_R轴2_Pos_30,26698,,,
PLC/取料1_R轴2_Pos,取料1_R轴2_Pos_31,26700,,,
PLC/取料1_R轴2_Pos,取料1_R轴2_Pos_32,26702,,,
PLC/取料1_R轴2_Pos,取料1_R轴2_Pos_33,26704,,,
PLC/取料1_R轴2_Pos,取料1_R轴2_Pos_34,26706,,,
PLC/取料1_R轴2_Pos,取料1_R轴2_Pos_35,26708,,,
PLC/取料1_R轴2_Pos,取料1_R轴2_Pos_36,26710,,,
PLC/取料1_R轴2_Pos,取料1_R轴2_Pos_37,26712,,,
PLC/取料1_R轴2_Pos,取料1_R轴2_Pos_38,26714,,,
PLC/取料1_R轴2_Pos,取料1_R轴2_Pos_39,26716,,,
PLC/取料1_R轴2_Pos,取料1_R轴2_Pos_40,26718,,,
PLC/取料1_R轴2_Pos,取料1_R轴2_Pos_41,26720,,,
PLC/取料1_R轴2_Pos,取料1_R轴2_Pos_42,26722,,,
PLC/取料1_R轴2_Pos,取料1_R轴2_Pos_43,26724,,,
PLC/取料1_R轴2_Pos,取料1_R轴2_Pos_44,26726,,,
PLC/取料1_R轴2_Pos,取料1_R轴2_Pos_45,26728,,,
PLC/取料1_R轴2_Pos,取料1_R轴2_Pos_46,26730,,,
PLC/取料1_R轴2_Pos,取料1_R轴2_Pos_47,26732,,,
PLC/取料1_R轴2_Pos,取料1_R轴2_Pos_48,26734,,,
PLC/取料1_R轴2_Pos,取料1_R轴2_Pos_49,26736,,,
PLC/取料1_R轴2_Pos,取料1_R轴2_Pos_50,26738,,,
PLC/取料1_R轴2_Pos,取料1_R轴2_Pos_51,26740,,,
PLC/取料1_R轴2_Pos,取料1_R轴2_Pos_52,26742,,,
PLC/取料1_R轴2_Pos,取料1_R轴2_Pos_53,26744,,,
PLC/取料1_R轴2_Pos,取料1_R轴2_Pos_54,26746,,,
PLC/取料1_R轴2_Pos,取料1_R轴2_Pos_55,26748,,,
PLC/取料1_R轴2_Pos,取料1_R轴2_Pos_56,26750,,,
PLC/取料1_R轴2_Pos,取料1_R轴2_Pos_57,26752,,,
PLC/取料1_R轴2_Pos,取料1_R轴2_Pos_58,26754,,,
PLC/取料1_R轴2_Pos,取料1_R轴2_Pos_59,26756,,,
PLC/取料1_R轴2_Pos,取料1_R轴2_Pos_60,26758,,,

PLC/取料1_R轴2_Vel,取料1_R轴2_Vel_1,26760,,,
PLC/取料1_R轴2_Vel,取料1_R轴2_Vel_2,26762,,,
PLC/取料1_R轴2_Vel,取料1_R轴2_Vel_3,26764,,,
PLC/取料1_R轴2_Vel,取料1_R轴2_Vel_4,26766,,,
PLC/取料1_R轴2_Vel,取料1_R轴2_Vel_5,26768,,,
PLC/取料1_R轴2_Vel,取料1_R轴2_Vel_6,26770,,,
PLC/取料1_R轴2_Vel,取料1_R轴2_Vel_7,26772,,,
PLC/取料1_R轴2_Vel,取料1_R轴2_Vel_8,26774,,,
PLC/取料1_R轴2_Vel,取料1_R轴2_Vel_9,26776,,,
PLC/取料1_R轴2_Vel,取料1_R轴2_Vel_10,26778,,,
PLC/取料1_R轴2_Vel,取料1_R轴2_Vel_11,26780,,,
PLC/取料1_R轴2_Vel,取料1_R轴2_Vel_12,26782,,,
PLC/取料1_R轴2_Vel,取料1_R轴2_Vel_13,26784,,,
PLC/取料1_R轴2_Vel,取料1_R轴2_Vel_14,26786,,,
PLC/取料1_R轴2_Vel,取料1_R轴2_Vel_15,26788,,,
PLC/取料1_R轴2_Vel,取料1_R轴2_Vel_16,26790,,,
PLC/取料1_R轴2_Vel,取料1_R轴2_Vel_17,26792,,,
PLC/取料1_R轴2_Vel,取料1_R轴2_Vel_18,26794,,,
PLC/取料1_R轴2_Vel,取料1_R轴2_Vel_19,26796,,,
PLC/取料1_R轴2_Vel,取料1_R轴2_Vel_20,26798,,,
PLC/取料1_R轴2_Vel,取料1_R轴2_Vel_21,26800,,,
PLC/取料1_R轴2_Vel,取料1_R轴2_Vel_22,26802,,,
PLC/取料1_R轴2_Vel,取料1_R轴2_Vel_23,26804,,,
PLC/取料1_R轴2_Vel,取料1_R轴2_Vel_24,26806,,,
PLC/取料1_R轴2_Vel,取料1_R轴2_Vel_25,26808,,,
PLC/取料1_R轴2_Vel,取料1_R轴2_Vel_26,26810,,,
PLC/取料1_R轴2_Vel,取料1_R轴2_Vel_27,26812,,,
PLC/取料1_R轴2_Vel,取料1_R轴2_Vel_28,26814,,,
PLC/取料1_R轴2_Vel,取料1_R轴2_Vel_29,26816,,,
PLC/取料1_R轴2_Vel,取料1_R轴2_Vel_30,26818,,,
PLC/取料1_R轴2_Vel,取料1_R轴2_Vel_31,26820,,,
PLC/取料1_R轴2_Vel,取料1_R轴2_Vel_32,26822,,,
PLC/取料1_R轴2_Vel,取料1_R轴2_Vel_33,26824,,,
PLC/取料1_R轴2_Vel,取料1_R轴2_Vel_34,26826,,,
PLC/取料1_R轴2_Vel,取料1_R轴2_Vel_35,26828,,,
PLC/取料1_R轴2_Vel,取料1_R轴2_Vel_36,26830,,,
PLC/取料1_R轴2_Vel,取料1_R轴2_Vel_37,26832,,,
PLC/取料1_R轴2_Vel,取料1_R轴2_Vel_38,26834,,,
PLC/取料1_R轴2_Vel,取料1_R轴2_Vel_39,26836,,,
PLC/取料1_R轴2_Vel,取料1_R轴2_Vel_40,26838,,,
PLC/取料1_R轴2_Vel,取料1_R轴2_Vel_41,26840,,,
PLC/取料1_R轴2_Vel,取料1_R轴2_Vel_42,26842,,,
PLC/取料1_R轴2_Vel,取料1_R轴2_Vel_43,26844,,,
PLC/取料1_R轴2_Vel,取料1_R轴2_Vel_44,26846,,,
PLC/取料1_R轴2_Vel,取料1_R轴2_Vel_45,26848,,,
PLC/取料1_R轴2_Vel,取料1_R轴2_Vel_46,26850,,,
PLC/取料1_R轴2_Vel,取料1_R轴2_Vel_47,26852,,,
PLC/取料1_R轴2_Vel,取料1_R轴2_Vel_48,26854,,,
PLC/取料1_R轴2_Vel,取料1_R轴2_Vel_49,26856,,,
PLC/取料1_R轴2_Vel,取料1_R轴2_Vel_50,26858,,,
PLC/取料1_R轴2_Vel,取料1_R轴2_Vel_51,26860,,,
PLC/取料1_R轴2_Vel,取料1_R轴2_Vel_52,26862,,,
PLC/取料1_R轴2_Vel,取料1_R轴2_Vel_53,26864,,,
PLC/取料1_R轴2_Vel,取料1_R轴2_Vel_54,26866,,,
PLC/取料1_R轴2_Vel,取料1_R轴2_Vel_55,26868,,,
PLC/取料1_R轴2_Vel,取料1_R轴2_Vel_56,26870,,,
PLC/取料1_R轴2_Vel,取料1_R轴2_Vel_57,26872,,,
PLC/取料1_R轴2_Vel,取料1_R轴2_Vel_58,26874,,,
PLC/取料1_R轴2_Vel,取料1_R轴2_Vel_59,26876,,,
PLC/取料1_R轴2_Vel,取料1_R轴2_Vel_60,26878,,,

PLC/取料1_Z轴3_Pos,取料1_Z轴3_Pos_1,26880,,,
PLC/取料1_Z轴3_Pos,取料1_Z轴3_Pos_2,26882,,,
PLC/取料1_Z轴3_Pos,取料1_Z轴3_Pos_3,26884,,,
PLC/取料1_Z轴3_Pos,取料1_Z轴3_Pos_4,26886,,,
PLC/取料1_Z轴3_Pos,取料1_Z轴3_Pos_5,26888,,,
PLC/取料1_Z轴3_Pos,取料1_Z轴3_Pos_6,26890,,,
PLC/取料1_Z轴3_Pos,取料1_Z轴3_Pos_7,26892,,,
PLC/取料1_Z轴3_Pos,取料1_Z轴3_Pos_8,26894,,,
PLC/取料1_Z轴3_Pos,取料1_Z轴3_Pos_9,26896,,,
PLC/取料1_Z轴3_Pos,取料1_Z轴3_Pos_10,26898,,,
PLC/取料1_Z轴3_Pos,取料1_Z轴3_Pos_11,26900,,,
PLC/取料1_Z轴3_Pos,取料1_Z轴3_Pos_12,26902,,,
PLC/取料1_Z轴3_Pos,取料1_Z轴3_Pos_13,26904,,,
PLC/取料1_Z轴3_Pos,取料1_Z轴3_Pos_14,26906,,,
PLC/取料1_Z轴3_Pos,取料1_Z轴3_Pos_15,26908,,,
PLC/取料1_Z轴3_Pos,取料1_Z轴3_Pos_16,26910,,,
PLC/取料1_Z轴3_Pos,取料1_Z轴3_Pos_17,26912,,,
PLC/取料1_Z轴3_Pos,取料1_Z轴3_Pos_18,26914,,,
PLC/取料1_Z轴3_Pos,取料1_Z轴3_Pos_19,26916,,,
PLC/取料1_Z轴3_Pos,取料1_Z轴3_Pos_20,26918,,,
PLC/取料1_Z轴3_Pos,取料1_Z轴3_Pos_21,26920,,,
PLC/取料1_Z轴3_Pos,取料1_Z轴3_Pos_22,26922,,,
PLC/取料1_Z轴3_Pos,取料1_Z轴3_Pos_23,26924,,,
PLC/取料1_Z轴3_Pos,取料1_Z轴3_Pos_24,26926,,,
PLC/取料1_Z轴3_Pos,取料1_Z轴3_Pos_25,26928,,,
PLC/取料1_Z轴3_Pos,取料1_Z轴3_Pos_26,26930,,,
PLC/取料1_Z轴3_Pos,取料1_Z轴3_Pos_27,26932,,,
PLC/取料1_Z轴3_Pos,取料1_Z轴3_Pos_28,26934,,,
PLC/取料1_Z轴3_Pos,取料1_Z轴3_Pos_29,26936,,,
PLC/取料1_Z轴3_Pos,取料1_Z轴3_Pos_30,26938,,,
PLC/取料1_Z轴3_Pos,取料1_Z轴3_Pos_31,26940,,,
PLC/取料1_Z轴3_Pos,取料1_Z轴3_Pos_32,26942,,,
PLC/取料1_Z轴3_Pos,取料1_Z轴3_Pos_33,26944,,,
PLC/取料1_Z轴3_Pos,取料1_Z轴3_Pos_34,26946,,,
PLC/取料1_Z轴3_Pos,取料1_Z轴3_Pos_35,26948,,,
PLC/取料1_Z轴3_Pos,取料1_Z轴3_Pos_36,26950,,,
PLC/取料1_Z轴3_Pos,取料1_Z轴3_Pos_37,26952,,,
PLC/取料1_Z轴3_Pos,取料1_Z轴3_Pos_38,26954,,,
PLC/取料1_Z轴3_Pos,取料1_Z轴3_Pos_39,26956,,,
PLC/取料1_Z轴3_Pos,取料1_Z轴3_Pos_40,26958,,,
PLC/取料1_Z轴3_Pos,取料1_Z轴3_Pos_41,26960,,,
PLC/取料1_Z轴3_Pos,取料1_Z轴3_Pos_42,26962,,,
PLC/取料1_Z轴3_Pos,取料1_Z轴3_Pos_43,26964,,,
PLC/取料1_Z轴3_Pos,取料1_Z轴3_Pos_44,26966,,,
PLC/取料1_Z轴3_Pos,取料1_Z轴3_Pos_45,26968,,,
PLC/取料1_Z轴3_Pos,取料1_Z轴3_Pos_46,26970,,,
PLC/取料1_Z轴3_Pos,取料1_Z轴3_Pos_47,26972,,,
PLC/取料1_Z轴3_Pos,取料1_Z轴3_Pos_48,26974,,,
PLC/取料1_Z轴3_Pos,取料1_Z轴3_Pos_49,26976,,,
PLC/取料1_Z轴3_Pos,取料1_Z轴3_Pos_50,26978,,,
PLC/取料1_Z轴3_Pos,取料1_Z轴3_Pos_51,26980,,,
PLC/取料1_Z轴3_Pos,取料1_Z轴3_Pos_52,26982,,,
PLC/取料1_Z轴3_Pos,取料1_Z轴3_Pos_53,26984,,,
PLC/取料1_Z轴3_Pos,取料1_Z轴3_Pos_54,26986,,,
PLC/取料1_Z轴3_Pos,取料1_Z轴3_Pos_55,26988,,,
PLC/取料1_Z轴3_Pos,取料1_Z轴3_Pos_56,26990,,,
PLC/取料1_Z轴3_Pos,取料1_Z轴3_Pos_57,26992,,,
PLC/取料1_Z轴3_Pos,取料1_Z轴3_Pos_58,26994,,,
PLC/取料1_Z轴3_Pos,取料1_Z轴3_Pos_59,26996,,,
PLC/取料1_Z轴3_Pos,取料1_Z轴3_Pos_60,26998,,,

PLC/取料1_Z轴3_Vel,取料1_Z轴3_Vel_1,27000,,,
PLC/取料1_Z轴3_Vel,取料1_Z轴3_Vel_2,27002,,,
PLC/取料1_Z轴3_Vel,取料1_Z轴3_Vel_3,27004,,,
PLC/取料1_Z轴3_Vel,取料1_Z轴3_Vel_4,27006,,,
PLC/取料1_Z轴3_Vel,取料1_Z轴3_Vel_5,27008,,,
PLC/取料1_Z轴3_Vel,取料1_Z轴3_Vel_6,27010,,,
PLC/取料1_Z轴3_Vel,取料1_Z轴3_Vel_7,27012,,,
PLC/取料1_Z轴3_Vel,取料1_Z轴3_Vel_8,27014,,,
PLC/取料1_Z轴3_Vel,取料1_Z轴3_Vel_9,27016,,,
PLC/取料1_Z轴3_Vel,取料1_Z轴3_Vel_10,27018,,,
PLC/取料1_Z轴3_Vel,取料1_Z轴3_Vel_11,27020,,,
PLC/取料1_Z轴3_Vel,取料1_Z轴3_Vel_12,27022,,,
PLC/取料1_Z轴3_Vel,取料1_Z轴3_Vel_13,27024,,,
PLC/取料1_Z轴3_Vel,取料1_Z轴3_Vel_14,27026,,,
PLC/取料1_Z轴3_Vel,取料1_Z轴3_Vel_15,27028,,,
PLC/取料1_Z轴3_Vel,取料1_Z轴3_Vel_16,27030,,,
PLC/取料1_Z轴3_Vel,取料1_Z轴3_Vel_17,27032,,,
PLC/取料1_Z轴3_Vel,取料1_Z轴3_Vel_18,27034,,,
PLC/取料1_Z轴3_Vel,取料1_Z轴3_Vel_19,27036,,,
PLC/取料1_Z轴3_Vel,取料1_Z轴3_Vel_20,27038,,,
PLC/取料1_Z轴3_Vel,取料1_Z轴3_Vel_21,27040,,,
PLC/取料1_Z轴3_Vel,取料1_Z轴3_Vel_22,27042,,,
PLC/取料1_Z轴3_Vel,取料1_Z轴3_Vel_23,27044,,,
PLC/取料1_Z轴3_Vel,取料1_Z轴3_Vel_24,27046,,,
PLC/取料1_Z轴3_Vel,取料1_Z轴3_Vel_25,27048,,,
PLC/取料1_Z轴3_Vel,取料1_Z轴3_Vel_26,27050,,,
PLC/取料1_Z轴3_Vel,取料1_Z轴3_Vel_27,27052,,,
PLC/取料1_Z轴3_Vel,取料1_Z轴3_Vel_28,27054,,,
PLC/取料1_Z轴3_Vel,取料1_Z轴3_Vel_29,27056,,,
PLC/取料1_Z轴3_Vel,取料1_Z轴3_Vel_30,27058,,,
PLC/取料1_Z轴3_Vel,取料1_Z轴3_Vel_31,27060,,,
PLC/取料1_Z轴3_Vel,取料1_Z轴3_Vel_32,27062,,,
PLC/取料1_Z轴3_Vel,取料1_Z轴3_Vel_33,27064,,,
PLC/取料1_Z轴3_Vel,取料1_Z轴3_Vel_34,27066,,,
PLC/取料1_Z轴3_Vel,取料1_Z轴3_Vel_35,27068,,,
PLC/取料1_Z轴3_Vel,取料1_Z轴3_Vel_36,27070,,,
PLC/取料1_Z轴3_Vel,取料1_Z轴3_Vel_37,27072,,,
PLC/取料1_Z轴3_Vel,取料1_Z轴3_Vel_38,27074,,,
PLC/取料1_Z轴3_Vel,取料1_Z轴3_Vel_39,27076,,,
PLC/取料1_Z轴3_Vel,取料1_Z轴3_Vel_40,27078,,,
PLC/取料1_Z轴3_Vel,取料1_Z轴3_Vel_41,27080,,,
PLC/取料1_Z轴3_Vel,取料1_Z轴3_Vel_42,27082,,,
PLC/取料1_Z轴3_Vel,取料1_Z轴3_Vel_43,27084,,,
PLC/取料1_Z轴3_Vel,取料1_Z轴3_Vel_44,27086,,,
PLC/取料1_Z轴3_Vel,取料1_Z轴3_Vel_45,27088,,,
PLC/取料1_Z轴3_Vel,取料1_Z轴3_Vel_46,27090,,,
PLC/取料1_Z轴3_Vel,取料1_Z轴3_Vel_47,27092,,,
PLC/取料1_Z轴3_Vel,取料1_Z轴3_Vel_48,27094,,,
PLC/取料1_Z轴3_Vel,取料1_Z轴3_Vel_49,27096,,,
PLC/取料1_Z轴3_Vel,取料1_Z轴3_Vel_50,27098,,,
PLC/取料1_Z轴3_Vel,取料1_Z轴3_Vel_51,27100,,,
PLC/取料1_Z轴3_Vel,取料1_Z轴3_Vel_52,27102,,,
PLC/取料1_Z轴3_Vel,取料1_Z轴3_Vel_53,27104,,,
PLC/取料1_Z轴3_Vel,取料1_Z轴3_Vel_54,27106,,,
PLC/取料1_Z轴3_Vel,取料1_Z轴3_Vel_55,27108,,,
PLC/取料1_Z轴3_Vel,取料1_Z轴3_Vel_56,27110,,,
PLC/取料1_Z轴3_Vel,取料1_Z轴3_Vel_57,27112,,,
PLC/取料1_Z轴3_Vel,取料1_Z轴3_Vel_58,27114,,,
PLC/取料1_Z轴3_Vel,取料1_Z轴3_Vel_59,27116,,,
PLC/取料1_Z轴3_Vel,取料1_Z轴3_Vel_60,27118,,,

PLC/取料1_R轴3_Pos,取料1_R轴3_Pos_1,27120,,,
PLC/取料1_R轴3_Pos,取料1_R轴3_Pos_2,27122,,,
PLC/取料1_R轴3_Pos,取料1_R轴3_Pos_3,27124,,,
PLC/取料1_R轴3_Pos,取料1_R轴3_Pos_4,27126,,,
PLC/取料1_R轴3_Pos,取料1_R轴3_Pos_5,27128,,,
PLC/取料1_R轴3_Pos,取料1_R轴3_Pos_6,27130,,,
PLC/取料1_R轴3_Pos,取料1_R轴3_Pos_7,27132,,,
PLC/取料1_R轴3_Pos,取料1_R轴3_Pos_8,27134,,,
PLC/取料1_R轴3_Pos,取料1_R轴3_Pos_9,27136,,,
PLC/取料1_R轴3_Pos,取料1_R轴3_Pos_10,27138,,,
PLC/取料1_R轴3_Pos,取料1_R轴3_Pos_11,27140,,,
PLC/取料1_R轴3_Pos,取料1_R轴3_Pos_12,27142,,,
PLC/取料1_R轴3_Pos,取料1_R轴3_Pos_13,27144,,,
PLC/取料1_R轴3_Pos,取料1_R轴3_Pos_14,27146,,,
PLC/取料1_R轴3_Pos,取料1_R轴3_Pos_15,27148,,,
PLC/取料1_R轴3_Pos,取料1_R轴3_Pos_16,27150,,,
PLC/取料1_R轴3_Pos,取料1_R轴3_Pos_17,27152,,,
PLC/取料1_R轴3_Pos,取料1_R轴3_Pos_18,27154,,,
PLC/取料1_R轴3_Pos,取料1_R轴3_Pos_19,27156,,,
PLC/取料1_R轴3_Pos,取料1_R轴3_Pos_20,27158,,,
PLC/取料1_R轴3_Pos,取料1_R轴3_Pos_21,27160,,,
PLC/取料1_R轴3_Pos,取料1_R轴3_Pos_22,27162,,,
PLC/取料1_R轴3_Pos,取料1_R轴3_Pos_23,27164,,,
PLC/取料1_R轴3_Pos,取料1_R轴3_Pos_24,27166,,,
PLC/取料1_R轴3_Pos,取料1_R轴3_Pos_25,27168,,,
PLC/取料1_R轴3_Pos,取料1_R轴3_Pos_26,27170,,,
PLC/取料1_R轴3_Pos,取料1_R轴3_Pos_27,27172,,,
PLC/取料1_R轴3_Pos,取料1_R轴3_Pos_28,27174,,,
PLC/取料1_R轴3_Pos,取料1_R轴3_Pos_29,27176,,,
PLC/取料1_R轴3_Pos,取料1_R轴3_Pos_30,27178,,,
PLC/取料1_R轴3_Pos,取料1_R轴3_Pos_31,27180,,,
PLC/取料1_R轴3_Pos,取料1_R轴3_Pos_32,27182,,,
PLC/取料1_R轴3_Pos,取料1_R轴3_Pos_33,27184,,,
PLC/取料1_R轴3_Pos,取料1_R轴3_Pos_34,27186,,,
PLC/取料1_R轴3_Pos,取料1_R轴3_Pos_35,27188,,,
PLC/取料1_R轴3_Pos,取料1_R轴3_Pos_36,27190,,,
PLC/取料1_R轴3_Pos,取料1_R轴3_Pos_37,27192,,,
PLC/取料1_R轴3_Pos,取料1_R轴3_Pos_38,27194,,,
PLC/取料1_R轴3_Pos,取料1_R轴3_Pos_39,27196,,,
PLC/取料1_R轴3_Pos,取料1_R轴3_Pos_40,27198,,,
PLC/取料1_R轴3_Pos,取料1_R轴3_Pos_41,27200,,,
PLC/取料1_R轴3_Pos,取料1_R轴3_Pos_42,27202,,,
PLC/取料1_R轴3_Pos,取料1_R轴3_Pos_43,27204,,,
PLC/取料1_R轴3_Pos,取料1_R轴3_Pos_44,27206,,,
PLC/取料1_R轴3_Pos,取料1_R轴3_Pos_45,27208,,,
PLC/取料1_R轴3_Pos,取料1_R轴3_Pos_46,27210,,,
PLC/取料1_R轴3_Pos,取料1_R轴3_Pos_47,27212,,,
PLC/取料1_R轴3_Pos,取料1_R轴3_Pos_48,27214,,,
PLC/取料1_R轴3_Pos,取料1_R轴3_Pos_49,27216,,,
PLC/取料1_R轴3_Pos,取料1_R轴3_Pos_50,27218,,,
PLC/取料1_R轴3_Pos,取料1_R轴3_Pos_51,27220,,,
PLC/取料1_R轴3_Pos,取料1_R轴3_Pos_52,27222,,,
PLC/取料1_R轴3_Pos,取料1_R轴3_Pos_53,27224,,,
PLC/取料1_R轴3_Pos,取料1_R轴3_Pos_54,27226,,,
PLC/取料1_R轴3_Pos,取料1_R轴3_Pos_55,27228,,,
PLC/取料1_R轴3_Pos,取料1_R轴3_Pos_56,27230,,,
PLC/取料1_R轴3_Pos,取料1_R轴3_Pos_57,27232,,,
PLC/取料1_R轴3_Pos,取料1_R轴3_Pos_58,27234,,,
PLC/取料1_R轴3_Pos,取料1_R轴3_Pos_59,27236,,,
PLC/取料1_R轴3_Pos,取料1_R轴3_Pos_60,27238,,,

PLC/取料1_R轴3_Vel,取料1_R轴3_Vel_1,27240,,,
PLC/取料1_R轴3_Vel,取料1_R轴3_Vel_2,27242,,,
PLC/取料1_R轴3_Vel,取料1_R轴3_Vel_3,27244,,,
PLC/取料1_R轴3_Vel,取料1_R轴3_Vel_4,27246,,,
PLC/取料1_R轴3_Vel,取料1_R轴3_Vel_5,27248,,,
PLC/取料1_R轴3_Vel,取料1_R轴3_Vel_6,27250,,,
PLC/取料1_R轴3_Vel,取料1_R轴3_Vel_7,27252,,,
PLC/取料1_R轴3_Vel,取料1_R轴3_Vel_8,27254,,,
PLC/取料1_R轴3_Vel,取料1_R轴3_Vel_9,27256,,,
PLC/取料1_R轴3_Vel,取料1_R轴3_Vel_10,27258,,,
PLC/取料1_R轴3_Vel,取料1_R轴3_Vel_11,27260,,,
PLC/取料1_R轴3_Vel,取料1_R轴3_Vel_12,27262,,,
PLC/取料1_R轴3_Vel,取料1_R轴3_Vel_13,27264,,,
PLC/取料1_R轴3_Vel,取料1_R轴3_Vel_14,27266,,,
PLC/取料1_R轴3_Vel,取料1_R轴3_Vel_15,27268,,,
PLC/取料1_R轴3_Vel,取料1_R轴3_Vel_16,27270,,,
PLC/取料1_R轴3_Vel,取料1_R轴3_Vel_17,27272,,,
PLC/取料1_R轴3_Vel,取料1_R轴3_Vel_18,27274,,,
PLC/取料1_R轴3_Vel,取料1_R轴3_Vel_19,27276,,,
PLC/取料1_R轴3_Vel,取料1_R轴3_Vel_20,27278,,,
PLC/取料1_R轴3_Vel,取料1_R轴3_Vel_21,27280,,,
PLC/取料1_R轴3_Vel,取料1_R轴3_Vel_22,27282,,,
PLC/取料1_R轴3_Vel,取料1_R轴3_Vel_23,27284,,,
PLC/取料1_R轴3_Vel,取料1_R轴3_Vel_24,27286,,,
PLC/取料1_R轴3_Vel,取料1_R轴3_Vel_25,27288,,,
PLC/取料1_R轴3_Vel,取料1_R轴3_Vel_26,27290,,,
PLC/取料1_R轴3_Vel,取料1_R轴3_Vel_27,27292,,,
PLC/取料1_R轴3_Vel,取料1_R轴3_Vel_28,27294,,,
PLC/取料1_R轴3_Vel,取料1_R轴3_Vel_29,27296,,,
PLC/取料1_R轴3_Vel,取料1_R轴3_Vel_30,27298,,,
PLC/取料1_R轴3_Vel,取料1_R轴3_Vel_31,27300,,,
PLC/取料1_R轴3_Vel,取料1_R轴3_Vel_32,27302,,,
PLC/取料1_R轴3_Vel,取料1_R轴3_Vel_33,27304,,,
PLC/取料1_R轴3_Vel,取料1_R轴3_Vel_34,27306,,,
PLC/取料1_R轴3_Vel,取料1_R轴3_Vel_35,27308,,,
PLC/取料1_R轴3_Vel,取料1_R轴3_Vel_36,27310,,,
PLC/取料1_R轴3_Vel,取料1_R轴3_Vel_37,27312,,,
PLC/取料1_R轴3_Vel,取料1_R轴3_Vel_38,27314,,,
PLC/取料1_R轴3_Vel,取料1_R轴3_Vel_39,27316,,,
PLC/取料1_R轴3_Vel,取料1_R轴3_Vel_40,27318,,,
PLC/取料1_R轴3_Vel,取料1_R轴3_Vel_41,27320,,,
PLC/取料1_R轴3_Vel,取料1_R轴3_Vel_42,27322,,,
PLC/取料1_R轴3_Vel,取料1_R轴3_Vel_43,27324,,,
PLC/取料1_R轴3_Vel,取料1_R轴3_Vel_44,27326,,,
PLC/取料1_R轴3_Vel,取料1_R轴3_Vel_45,27328,,,
PLC/取料1_R轴3_Vel,取料1_R轴3_Vel_46,27330,,,
PLC/取料1_R轴3_Vel,取料1_R轴3_Vel_47,27332,,,
PLC/取料1_R轴3_Vel,取料1_R轴3_Vel_48,27334,,,
PLC/取料1_R轴3_Vel,取料1_R轴3_Vel_49,27336,,,
PLC/取料1_R轴3_Vel,取料1_R轴3_Vel_50,27338,,,
PLC/取料1_R轴3_Vel,取料1_R轴3_Vel_51,27340,,,
PLC/取料1_R轴3_Vel,取料1_R轴3_Vel_52,27342,,,
PLC/取料1_R轴3_Vel,取料1_R轴3_Vel_53,27344,,,
PLC/取料1_R轴3_Vel,取料1_R轴3_Vel_54,27346,,,
PLC/取料1_R轴3_Vel,取料1_R轴3_Vel_55,27348,,,
PLC/取料1_R轴3_Vel,取料1_R轴3_Vel_56,27350,,,
PLC/取料1_R轴3_Vel,取料1_R轴3_Vel_57,27352,,,
PLC/取料1_R轴3_Vel,取料1_R轴3_Vel_58,27354,,,
PLC/取料1_R轴3_Vel,取料1_R轴3_Vel_59,27356,,,
PLC/取料1_R轴3_Vel,取料1_R轴3_Vel_60,27358,,,

PLC/取料1_Z轴4_Pos,取料1_Z轴4_Pos_1,27360,,,
PLC/取料1_Z轴4_Pos,取料1_Z轴4_Pos_2,27362,,,
PLC/取料1_Z轴4_Pos,取料1_Z轴4_Pos_3,27364,,,
PLC/取料1_Z轴4_Pos,取料1_Z轴4_Pos_4,27366,,,
PLC/取料1_Z轴4_Pos,取料1_Z轴4_Pos_5,27368,,,
PLC/取料1_Z轴4_Pos,取料1_Z轴4_Pos_6,27370,,,
PLC/取料1_Z轴4_Pos,取料1_Z轴4_Pos_7,27372,,,
PLC/取料1_Z轴4_Pos,取料1_Z轴4_Pos_8,27374,,,
PLC/取料1_Z轴4_Pos,取料1_Z轴4_Pos_9,27376,,,
PLC/取料1_Z轴4_Pos,取料1_Z轴4_Pos_10,27378,,,
PLC/取料1_Z轴4_Pos,取料1_Z轴4_Pos_11,27380,,,
PLC/取料1_Z轴4_Pos,取料1_Z轴4_Pos_12,27382,,,
PLC/取料1_Z轴4_Pos,取料1_Z轴4_Pos_13,27384,,,
PLC/取料1_Z轴4_Pos,取料1_Z轴4_Pos_14,27386,,,
PLC/取料1_Z轴4_Pos,取料1_Z轴4_Pos_15,27388,,,
PLC/取料1_Z轴4_Pos,取料1_Z轴4_Pos_16,27390,,,
PLC/取料1_Z轴4_Pos,取料1_Z轴4_Pos_17,27392,,,
PLC/取料1_Z轴4_Pos,取料1_Z轴4_Pos_18,27394,,,
PLC/取料1_Z轴4_Pos,取料1_Z轴4_Pos_19,27396,,,
PLC/取料1_Z轴4_Pos,取料1_Z轴4_Pos_20,27398,,,
PLC/取料1_Z轴4_Pos,取料1_Z轴4_Pos_21,27400,,,
PLC/取料1_Z轴4_Pos,取料1_Z轴4_Pos_22,27402,,,
PLC/取料1_Z轴4_Pos,取料1_Z轴4_Pos_23,27404,,,
PLC/取料1_Z轴4_Pos,取料1_Z轴4_Pos_24,27406,,,
PLC/取料1_Z轴4_Pos,取料1_Z轴4_Pos_25,27408,,,
PLC/取料1_Z轴4_Pos,取料1_Z轴4_Pos_26,27410,,,
PLC/取料1_Z轴4_Pos,取料1_Z轴4_Pos_27,27412,,,
PLC/取料1_Z轴4_Pos,取料1_Z轴4_Pos_28,27414,,,
PLC/取料1_Z轴4_Pos,取料1_Z轴4_Pos_29,27416,,,
PLC/取料1_Z轴4_Pos,取料1_Z轴4_Pos_30,27418,,,
PLC/取料1_Z轴4_Pos,取料1_Z轴4_Pos_31,27420,,,
PLC/取料1_Z轴4_Pos,取料1_Z轴4_Pos_32,27422,,,
PLC/取料1_Z轴4_Pos,取料1_Z轴4_Pos_33,27424,,,
PLC/取料1_Z轴4_Pos,取料1_Z轴4_Pos_34,27426,,,
PLC/取料1_Z轴4_Pos,取料1_Z轴4_Pos_35,27428,,,
PLC/取料1_Z轴4_Pos,取料1_Z轴4_Pos_36,27430,,,
PLC/取料1_Z轴4_Pos,取料1_Z轴4_Pos_37,27432,,,
PLC/取料1_Z轴4_Pos,取料1_Z轴4_Pos_38,27434,,,
PLC/取料1_Z轴4_Pos,取料1_Z轴4_Pos_39,27436,,,
PLC/取料1_Z轴4_Pos,取料1_Z轴4_Pos_40,27438,,,
PLC/取料1_Z轴4_Pos,取料1_Z轴4_Pos_41,27440,,,
PLC/取料1_Z轴4_Pos,取料1_Z轴4_Pos_42,27442,,,
PLC/取料1_Z轴4_Pos,取料1_Z轴4_Pos_43,27444,,,
PLC/取料1_Z轴4_Pos,取料1_Z轴4_Pos_44,27446,,,
PLC/取料1_Z轴4_Pos,取料1_Z轴4_Pos_45,27448,,,
PLC/取料1_Z轴4_Pos,取料1_Z轴4_Pos_46,27450,,,
PLC/取料1_Z轴4_Pos,取料1_Z轴4_Pos_47,27452,,,
PLC/取料1_Z轴4_Pos,取料1_Z轴4_Pos_48,27454,,,
PLC/取料1_Z轴4_Pos,取料1_Z轴4_Pos_49,27456,,,
PLC/取料1_Z轴4_Pos,取料1_Z轴4_Pos_50,27458,,,
PLC/取料1_Z轴4_Pos,取料1_Z轴4_Pos_51,27460,,,
PLC/取料1_Z轴4_Pos,取料1_Z轴4_Pos_52,27462,,,
PLC/取料1_Z轴4_Pos,取料1_Z轴4_Pos_53,27464,,,
PLC/取料1_Z轴4_Pos,取料1_Z轴4_Pos_54,27466,,,
PLC/取料1_Z轴4_Pos,取料1_Z轴4_Pos_55,27468,,,
PLC/取料1_Z轴4_Pos,取料1_Z轴4_Pos_56,27470,,,
PLC/取料1_Z轴4_Pos,取料1_Z轴4_Pos_57,27472,,,
PLC/取料1_Z轴4_Pos,取料1_Z轴4_Pos_58,27474,,,
PLC/取料1_Z轴4_Pos,取料1_Z轴4_Pos_59,27476,,,
PLC/取料1_Z轴4_Pos,取料1_Z轴4_Pos_60,27478,,,

PLC/取料1_Z轴4_Vel,取料1_Z轴4_Vel_1,27480,,,
PLC/取料1_Z轴4_Vel,取料1_Z轴4_Vel_2,27482,,,
PLC/取料1_Z轴4_Vel,取料1_Z轴4_Vel_3,27484,,,
PLC/取料1_Z轴4_Vel,取料1_Z轴4_Vel_4,27486,,,
PLC/取料1_Z轴4_Vel,取料1_Z轴4_Vel_5,27488,,,
PLC/取料1_Z轴4_Vel,取料1_Z轴4_Vel_6,27490,,,
PLC/取料1_Z轴4_Vel,取料1_Z轴4_Vel_7,27492,,,
PLC/取料1_Z轴4_Vel,取料1_Z轴4_Vel_8,27494,,,
PLC/取料1_Z轴4_Vel,取料1_Z轴4_Vel_9,27496,,,
PLC/取料1_Z轴4_Vel,取料1_Z轴4_Vel_10,27498,,,
PLC/取料1_Z轴4_Vel,取料1_Z轴4_Vel_11,27500,,,
PLC/取料1_Z轴4_Vel,取料1_Z轴4_Vel_12,27502,,,
PLC/取料1_Z轴4_Vel,取料1_Z轴4_Vel_13,27504,,,
PLC/取料1_Z轴4_Vel,取料1_Z轴4_Vel_14,27506,,,
PLC/取料1_Z轴4_Vel,取料1_Z轴4_Vel_15,27508,,,
PLC/取料1_Z轴4_Vel,取料1_Z轴4_Vel_16,27510,,,
PLC/取料1_Z轴4_Vel,取料1_Z轴4_Vel_17,27512,,,
PLC/取料1_Z轴4_Vel,取料1_Z轴4_Vel_18,27514,,,
PLC/取料1_Z轴4_Vel,取料1_Z轴4_Vel_19,27516,,,
PLC/取料1_Z轴4_Vel,取料1_Z轴4_Vel_20,27518,,,
PLC/取料1_Z轴4_Vel,取料1_Z轴4_Vel_21,27520,,,
PLC/取料1_Z轴4_Vel,取料1_Z轴4_Vel_22,27522,,,
PLC/取料1_Z轴4_Vel,取料1_Z轴4_Vel_23,27524,,,
PLC/取料1_Z轴4_Vel,取料1_Z轴4_Vel_24,27526,,,
PLC/取料1_Z轴4_Vel,取料1_Z轴4_Vel_25,27528,,,
PLC/取料1_Z轴4_Vel,取料1_Z轴4_Vel_26,27530,,,
PLC/取料1_Z轴4_Vel,取料1_Z轴4_Vel_27,27532,,,
PLC/取料1_Z轴4_Vel,取料1_Z轴4_Vel_28,27534,,,
PLC/取料1_Z轴4_Vel,取料1_Z轴4_Vel_29,27536,,,
PLC/取料1_Z轴4_Vel,取料1_Z轴4_Vel_30,27538,,,
PLC/取料1_Z轴4_Vel,取料1_Z轴4_Vel_31,27540,,,
PLC/取料1_Z轴4_Vel,取料1_Z轴4_Vel_32,27542,,,
PLC/取料1_Z轴4_Vel,取料1_Z轴4_Vel_33,27544,,,
PLC/取料1_Z轴4_Vel,取料1_Z轴4_Vel_34,27546,,,
PLC/取料1_Z轴4_Vel,取料1_Z轴4_Vel_35,27548,,,
PLC/取料1_Z轴4_Vel,取料1_Z轴4_Vel_36,27550,,,
PLC/取料1_Z轴4_Vel,取料1_Z轴4_Vel_37,27552,,,
PLC/取料1_Z轴4_Vel,取料1_Z轴4_Vel_38,27554,,,
PLC/取料1_Z轴4_Vel,取料1_Z轴4_Vel_39,27556,,,
PLC/取料1_Z轴4_Vel,取料1_Z轴4_Vel_40,27558,,,
PLC/取料1_Z轴4_Vel,取料1_Z轴4_Vel_41,27560,,,
PLC/取料1_Z轴4_Vel,取料1_Z轴4_Vel_42,27562,,,
PLC/取料1_Z轴4_Vel,取料1_Z轴4_Vel_43,27564,,,
PLC/取料1_Z轴4_Vel,取料1_Z轴4_Vel_44,27566,,,
PLC/取料1_Z轴4_Vel,取料1_Z轴4_Vel_45,27568,,,
PLC/取料1_Z轴4_Vel,取料1_Z轴4_Vel_46,27570,,,
PLC/取料1_Z轴4_Vel,取料1_Z轴4_Vel_47,27572,,,
PLC/取料1_Z轴4_Vel,取料1_Z轴4_Vel_48,27574,,,
PLC/取料1_Z轴4_Vel,取料1_Z轴4_Vel_49,27576,,,
PLC/取料1_Z轴4_Vel,取料1_Z轴4_Vel_50,27578,,,
PLC/取料1_Z轴4_Vel,取料1_Z轴4_Vel_51,27580,,,
PLC/取料1_Z轴4_Vel,取料1_Z轴4_Vel_52,27582,,,
PLC/取料1_Z轴4_Vel,取料1_Z轴4_Vel_53,27584,,,
PLC/取料1_Z轴4_Vel,取料1_Z轴4_Vel_54,27586,,,
PLC/取料1_Z轴4_Vel,取料1_Z轴4_Vel_55,27588,,,
PLC/取料1_Z轴4_Vel,取料1_Z轴4_Vel_56,27590,,,
PLC/取料1_Z轴4_Vel,取料1_Z轴4_Vel_57,27592,,,
PLC/取料1_Z轴4_Vel,取料1_Z轴4_Vel_58,27594,,,
PLC/取料1_Z轴4_Vel,取料1_Z轴4_Vel_59,27596,,,
PLC/取料1_Z轴4_Vel,取料1_Z轴4_Vel_60,27598,,,

PLC/取料1_R轴4_Pos,取料1_R轴4_Pos_1,27600,,,
PLC/取料1_R轴4_Pos,取料1_R轴4_Pos_2,27602,,,
PLC/取料1_R轴4_Pos,取料1_R轴4_Pos_3,27604,,,
PLC/取料1_R轴4_Pos,取料1_R轴4_Pos_4,27606,,,
PLC/取料1_R轴4_Pos,取料1_R轴4_Pos_5,27608,,,
PLC/取料1_R轴4_Pos,取料1_R轴4_Pos_6,27610,,,
PLC/取料1_R轴4_Pos,取料1_R轴4_Pos_7,27612,,,
PLC/取料1_R轴4_Pos,取料1_R轴4_Pos_8,27614,,,
PLC/取料1_R轴4_Pos,取料1_R轴4_Pos_9,27616,,,
PLC/取料1_R轴4_Pos,取料1_R轴4_Pos_10,27618,,,
PLC/取料1_R轴4_Pos,取料1_R轴4_Pos_11,27620,,,
PLC/取料1_R轴4_Pos,取料1_R轴4_Pos_12,27622,,,
PLC/取料1_R轴4_Pos,取料1_R轴4_Pos_13,27624,,,
PLC/取料1_R轴4_Pos,取料1_R轴4_Pos_14,27626,,,
PLC/取料1_R轴4_Pos,取料1_R轴4_Pos_15,27628,,,
PLC/取料1_R轴4_Pos,取料1_R轴4_Pos_16,27630,,,
PLC/取料1_R轴4_Pos,取料1_R轴4_Pos_17,27632,,,
PLC/取料1_R轴4_Pos,取料1_R轴4_Pos_18,27634,,,
PLC/取料1_R轴4_Pos,取料1_R轴4_Pos_19,27636,,,
PLC/取料1_R轴4_Pos,取料1_R轴4_Pos_20,27638,,,
PLC/取料1_R轴4_Pos,取料1_R轴4_Pos_21,27640,,,
PLC/取料1_R轴4_Pos,取料1_R轴4_Pos_22,27642,,,
PLC/取料1_R轴4_Pos,取料1_R轴4_Pos_23,27644,,,
PLC/取料1_R轴4_Pos,取料1_R轴4_Pos_24,27646,,,
PLC/取料1_R轴4_Pos,取料1_R轴4_Pos_25,27648,,,
PLC/取料1_R轴4_Pos,取料1_R轴4_Pos_26,27650,,,
PLC/取料1_R轴4_Pos,取料1_R轴4_Pos_27,27652,,,
PLC/取料1_R轴4_Pos,取料1_R轴4_Pos_28,27654,,,
PLC/取料1_R轴4_Pos,取料1_R轴4_Pos_29,27656,,,
PLC/取料1_R轴4_Pos,取料1_R轴4_Pos_30,27658,,,
PLC/取料1_R轴4_Pos,取料1_R轴4_Pos_31,27660,,,
PLC/取料1_R轴4_Pos,取料1_R轴4_Pos_32,27662,,,
PLC/取料1_R轴4_Pos,取料1_R轴4_Pos_33,27664,,,
PLC/取料1_R轴4_Pos,取料1_R轴4_Pos_34,27666,,,
PLC/取料1_R轴4_Pos,取料1_R轴4_Pos_35,27668,,,
PLC/取料1_R轴4_Pos,取料1_R轴4_Pos_36,27670,,,
PLC/取料1_R轴4_Pos,取料1_R轴4_Pos_37,27672,,,
PLC/取料1_R轴4_Pos,取料1_R轴4_Pos_38,27674,,,
PLC/取料1_R轴4_Pos,取料1_R轴4_Pos_39,27676,,,
PLC/取料1_R轴4_Pos,取料1_R轴4_Pos_40,27678,,,
PLC/取料1_R轴4_Pos,取料1_R轴4_Pos_41,27680,,,
PLC/取料1_R轴4_Pos,取料1_R轴4_Pos_42,27682,,,
PLC/取料1_R轴4_Pos,取料1_R轴4_Pos_43,27684,,,
PLC/取料1_R轴4_Pos,取料1_R轴4_Pos_44,27686,,,
PLC/取料1_R轴4_Pos,取料1_R轴4_Pos_45,27688,,,
PLC/取料1_R轴4_Pos,取料1_R轴4_Pos_46,27690,,,
PLC/取料1_R轴4_Pos,取料1_R轴4_Pos_47,27692,,,
PLC/取料1_R轴4_Pos,取料1_R轴4_Pos_48,27694,,,
PLC/取料1_R轴4_Pos,取料1_R轴4_Pos_49,27696,,,
PLC/取料1_R轴4_Pos,取料1_R轴4_Pos_50,27698,,,
PLC/取料1_R轴4_Pos,取料1_R轴4_Pos_51,27700,,,
PLC/取料1_R轴4_Pos,取料1_R轴4_Pos_52,27702,,,
PLC/取料1_R轴4_Pos,取料1_R轴4_Pos_53,27704,,,
PLC/取料1_R轴4_Pos,取料1_R轴4_Pos_54,27706,,,
PLC/取料1_R轴4_Pos,取料1_R轴4_Pos_55,27708,,,
PLC/取料1_R轴4_Pos,取料1_R轴4_Pos_56,27710,,,
PLC/取料1_R轴4_Pos,取料1_R轴4_Pos_57,27712,,,
PLC/取料1_R轴4_Pos,取料1_R轴4_Pos_58,27714,,,
PLC/取料1_R轴4_Pos,取料1_R轴4_Pos_59,27716,,,
PLC/取料1_R轴4_Pos,取料1_R轴4_Pos_60,27718,,,

PLC/取料1_R轴4_Vel,取料1_R轴4_Vel_1,27720,,,
PLC/取料1_R轴4_Vel,取料1_R轴4_Vel_2,27722,,,
PLC/取料1_R轴4_Vel,取料1_R轴4_Vel_3,27724,,,
PLC/取料1_R轴4_Vel,取料1_R轴4_Vel_4,27726,,,
PLC/取料1_R轴4_Vel,取料1_R轴4_Vel_5,27728,,,
PLC/取料1_R轴4_Vel,取料1_R轴4_Vel_6,27730,,,
PLC/取料1_R轴4_Vel,取料1_R轴4_Vel_7,27732,,,
PLC/取料1_R轴4_Vel,取料1_R轴4_Vel_8,27734,,,
PLC/取料1_R轴4_Vel,取料1_R轴4_Vel_9,27736,,,
PLC/取料1_R轴4_Vel,取料1_R轴4_Vel_10,27738,,,
PLC/取料1_R轴4_Vel,取料1_R轴4_Vel_11,27740,,,
PLC/取料1_R轴4_Vel,取料1_R轴4_Vel_12,27742,,,
PLC/取料1_R轴4_Vel,取料1_R轴4_Vel_13,27744,,,
PLC/取料1_R轴4_Vel,取料1_R轴4_Vel_14,27746,,,
PLC/取料1_R轴4_Vel,取料1_R轴4_Vel_15,27748,,,
PLC/取料1_R轴4_Vel,取料1_R轴4_Vel_16,27750,,,
PLC/取料1_R轴4_Vel,取料1_R轴4_Vel_17,27752,,,
PLC/取料1_R轴4_Vel,取料1_R轴4_Vel_18,27754,,,
PLC/取料1_R轴4_Vel,取料1_R轴4_Vel_19,27756,,,
PLC/取料1_R轴4_Vel,取料1_R轴4_Vel_20,27758,,,
PLC/取料1_R轴4_Vel,取料1_R轴4_Vel_21,27760,,,
PLC/取料1_R轴4_Vel,取料1_R轴4_Vel_22,27762,,,
PLC/取料1_R轴4_Vel,取料1_R轴4_Vel_23,27764,,,
PLC/取料1_R轴4_Vel,取料1_R轴4_Vel_24,27766,,,
PLC/取料1_R轴4_Vel,取料1_R轴4_Vel_25,27768,,,
PLC/取料1_R轴4_Vel,取料1_R轴4_Vel_26,27770,,,
PLC/取料1_R轴4_Vel,取料1_R轴4_Vel_27,27772,,,
PLC/取料1_R轴4_Vel,取料1_R轴4_Vel_28,27774,,,
PLC/取料1_R轴4_Vel,取料1_R轴4_Vel_29,27776,,,
PLC/取料1_R轴4_Vel,取料1_R轴4_Vel_30,27778,,,
PLC/取料1_R轴4_Vel,取料1_R轴4_Vel_31,27780,,,
PLC/取料1_R轴4_Vel,取料1_R轴4_Vel_32,27782,,,
PLC/取料1_R轴4_Vel,取料1_R轴4_Vel_33,27784,,,
PLC/取料1_R轴4_Vel,取料1_R轴4_Vel_34,27786,,,
PLC/取料1_R轴4_Vel,取料1_R轴4_Vel_35,27788,,,
PLC/取料1_R轴4_Vel,取料1_R轴4_Vel_36,27790,,,
PLC/取料1_R轴4_Vel,取料1_R轴4_Vel_37,27792,,,
PLC/取料1_R轴4_Vel,取料1_R轴4_Vel_38,27794,,,
PLC/取料1_R轴4_Vel,取料1_R轴4_Vel_39,27796,,,
PLC/取料1_R轴4_Vel,取料1_R轴4_Vel_40,27798,,,
PLC/取料1_R轴4_Vel,取料1_R轴4_Vel_41,27800,,,
PLC/取料1_R轴4_Vel,取料1_R轴4_Vel_42,27802,,,
PLC/取料1_R轴4_Vel,取料1_R轴4_Vel_43,27804,,,
PLC/取料1_R轴4_Vel,取料1_R轴4_Vel_44,27806,,,
PLC/取料1_R轴4_Vel,取料1_R轴4_Vel_45,27808,,,
PLC/取料1_R轴4_Vel,取料1_R轴4_Vel_46,27810,,,
PLC/取料1_R轴4_Vel,取料1_R轴4_Vel_47,27812,,,
PLC/取料1_R轴4_Vel,取料1_R轴4_Vel_48,27814,,,
PLC/取料1_R轴4_Vel,取料1_R轴4_Vel_49,27816,,,
PLC/取料1_R轴4_Vel,取料1_R轴4_Vel_50,27818,,,
PLC/取料1_R轴4_Vel,取料1_R轴4_Vel_51,27820,,,
PLC/取料1_R轴4_Vel,取料1_R轴4_Vel_52,27822,,,
PLC/取料1_R轴4_Vel,取料1_R轴4_Vel_53,27824,,,
PLC/取料1_R轴4_Vel,取料1_R轴4_Vel_54,27826,,,
PLC/取料1_R轴4_Vel,取料1_R轴4_Vel_55,27828,,,
PLC/取料1_R轴4_Vel,取料1_R轴4_Vel_56,27830,,,
PLC/取料1_R轴4_Vel,取料1_R轴4_Vel_57,27832,,,
PLC/取料1_R轴4_Vel,取料1_R轴4_Vel_58,27834,,,
PLC/取料1_R轴4_Vel,取料1_R轴4_Vel_59,27836,,,
PLC/取料1_R轴4_Vel,取料1_R轴4_Vel_60,27838,,,